--------------------------------------------------------
--  파일이 생성됨 - 월요일-1월-11-2021   
--------------------------------------------------------
--------------------------------------------------------
--  DDL for Sequence SEQ_APPLY
--------------------------------------------------------

   CREATE SEQUENCE  "NUKACOLA"."SEQ_APPLY"  MINVALUE 1 MAXVALUE 9999999999999999999999999999 INCREMENT BY 1 START WITH 2060 NOCACHE  NOORDER  NOCYCLE   ;
--------------------------------------------------------
--  DDL for Sequence SEQ_BLOCK
--------------------------------------------------------

   CREATE SEQUENCE  "NUKACOLA"."SEQ_BLOCK"  MINVALUE 1 MAXVALUE 9999999999999999999999999999 INCREMENT BY 1 START WITH 2021 NOCACHE  NOORDER  NOCYCLE   ;
--------------------------------------------------------
--  DDL for Sequence SEQ_CHATROOM
--------------------------------------------------------

   CREATE SEQUENCE  "NUKACOLA"."SEQ_CHATROOM"  MINVALUE 1 MAXVALUE 9999999999999999999999999999 INCREMENT BY 1 START WITH 2058 NOCACHE  NOORDER  NOCYCLE   ;
--------------------------------------------------------
--  DDL for Sequence SEQ_COMMENT
--------------------------------------------------------

   CREATE SEQUENCE  "NUKACOLA"."SEQ_COMMENT"  MINVALUE 1 MAXVALUE 9999999999999999999999999999 INCREMENT BY 1 START WITH 2059 NOCACHE  NOORDER  NOCYCLE   ;
--------------------------------------------------------
--  DDL for Sequence SEQ_COMP
--------------------------------------------------------

   CREATE SEQUENCE  "NUKACOLA"."SEQ_COMP"  MINVALUE 1 MAXVALUE 9999999999999999999999999999 INCREMENT BY 1 START WITH 2027 NOCACHE  NOORDER  NOCYCLE   ;
--------------------------------------------------------
--  DDL for Sequence SEQ_COUNSEL
--------------------------------------------------------

   CREATE SEQUENCE  "NUKACOLA"."SEQ_COUNSEL"  MINVALUE 1 MAXVALUE 9999999999999999999999999999 INCREMENT BY 1 START WITH 2143 NOCACHE  NOORDER  NOCYCLE   ;
--------------------------------------------------------
--  DDL for Sequence SEQ_INDUS
--------------------------------------------------------

   CREATE SEQUENCE  "NUKACOLA"."SEQ_INDUS"  MINVALUE 1 MAXVALUE 9999999999999999999999999999 INCREMENT BY 1 START WITH 2021 NOCACHE  NOORDER  NOCYCLE   ;
--------------------------------------------------------
--  DDL for Sequence SEQ_MESSAGE
--------------------------------------------------------

   CREATE SEQUENCE  "NUKACOLA"."SEQ_MESSAGE"  MINVALUE 1 MAXVALUE 9999999999999999999999999999 INCREMENT BY 1 START WITH 2316 NOCACHE  NOORDER  NOCYCLE   ;
--------------------------------------------------------
--  DDL for Sequence SEQ_POST
--------------------------------------------------------

   CREATE SEQUENCE  "NUKACOLA"."SEQ_POST"  MINVALUE 1 MAXVALUE 9999999999999999999999999999 INCREMENT BY 1 START WITH 2058 NOCACHE  NOORDER  NOCYCLE   ;
--------------------------------------------------------
--  DDL for Sequence SEQ_PROJECT
--------------------------------------------------------

   CREATE SEQUENCE  "NUKACOLA"."SEQ_PROJECT"  MINVALUE 1 MAXVALUE 9999999999999999999999999999 INCREMENT BY 1 START WITH 2030 NOCACHE  NOORDER  NOCYCLE   ;
--------------------------------------------------------
--  DDL for Sequence SEQ_RECRUIT
--------------------------------------------------------

   CREATE SEQUENCE  "NUKACOLA"."SEQ_RECRUIT"  MINVALUE 1 MAXVALUE 9999999999999999999999999999 INCREMENT BY 1 START WITH 2043 NOCACHE  NOORDER  NOCYCLE   ;
--------------------------------------------------------
--  DDL for Sequence SEQ_SKILL
--------------------------------------------------------

   CREATE SEQUENCE  "NUKACOLA"."SEQ_SKILL"  MINVALUE 1 MAXVALUE 9999999999999999999999999999 INCREMENT BY 1 START WITH 2022 NOCACHE  NOORDER  NOCYCLE   ;
--------------------------------------------------------
--  DDL for Sequence SEQ_USER
--------------------------------------------------------

   CREATE SEQUENCE  "NUKACOLA"."SEQ_USER"  MINVALUE 1 MAXVALUE 9999999999999999999999999999 INCREMENT BY 1 START WITH 2048 NOCACHE  NOORDER  NOCYCLE   ;
--------------------------------------------------------
--  DDL for Table APPLIES
--------------------------------------------------------

  CREATE TABLE "NUKACOLA"."APPLIES" 
   (	"APPLY_NO" NUMBER, 
	"APPLY_COMMENT" VARCHAR2(2000 BYTE), 
	"APPLY_PROG" NUMBER DEFAULT 0, 
	"CREATED_AT" DATE DEFAULT sysdate, 
	"UPDATED_AT" DATE DEFAULT sysdate, 
	"USER_NO" NUMBER, 
	"RECRUIT_NO" NUMBER
   ) SEGMENT CREATION IMMEDIATE 
  PCTFREE 10 PCTUSED 40 INITRANS 1 MAXTRANS 255 
 NOCOMPRESS LOGGING
  STORAGE(INITIAL 65536 NEXT 1048576 MINEXTENTS 1 MAXEXTENTS 2147483645
  PCTINCREASE 0 FREELISTS 1 FREELIST GROUPS 1
  BUFFER_POOL DEFAULT FLASH_CACHE DEFAULT CELL_FLASH_CACHE DEFAULT)
  TABLESPACE "USERS" ;

   COMMENT ON COLUMN "NUKACOLA"."APPLIES"."APPLY_NO" IS '공고지원 식별자';
   COMMENT ON COLUMN "NUKACOLA"."APPLIES"."APPLY_COMMENT" IS '지원각오한마디';
   COMMENT ON COLUMN "NUKACOLA"."APPLIES"."APPLY_PROG" IS '채용단계';
   COMMENT ON COLUMN "NUKACOLA"."APPLIES"."CREATED_AT" IS '지원일';
   COMMENT ON COLUMN "NUKACOLA"."APPLIES"."UPDATED_AT" IS '지원수정일';
   COMMENT ON COLUMN "NUKACOLA"."APPLIES"."USER_NO" IS '공고지원자';
   COMMENT ON COLUMN "NUKACOLA"."APPLIES"."RECRUIT_NO" IS '채용공고 식별자';
   COMMENT ON TABLE "NUKACOLA"."APPLIES"  IS '공고지원';
--------------------------------------------------------
--  DDL for Table BLOCKS
--------------------------------------------------------

  CREATE TABLE "NUKACOLA"."BLOCKS" 
   (	"BLOCK_NO" NUMBER, 
	"BLOCK_USER" NUMBER, 
	"BLOCKED_USER" NUMBER
   ) SEGMENT CREATION IMMEDIATE 
  PCTFREE 10 PCTUSED 40 INITRANS 1 MAXTRANS 255 
 NOCOMPRESS LOGGING
  STORAGE(INITIAL 65536 NEXT 1048576 MINEXTENTS 1 MAXEXTENTS 2147483645
  PCTINCREASE 0 FREELISTS 1 FREELIST GROUPS 1
  BUFFER_POOL DEFAULT FLASH_CACHE DEFAULT CELL_FLASH_CACHE DEFAULT)
  TABLESPACE "USERS" ;

   COMMENT ON COLUMN "NUKACOLA"."BLOCKS"."BLOCK_NO" IS '차단식별자';
   COMMENT ON COLUMN "NUKACOLA"."BLOCKS"."BLOCK_USER" IS '차단자';
   COMMENT ON COLUMN "NUKACOLA"."BLOCKS"."BLOCKED_USER" IS '피차단자';
--------------------------------------------------------
--  DDL for Table BOOKMARKS
--------------------------------------------------------

  CREATE TABLE "NUKACOLA"."BOOKMARKS" 
   (	"USER_NO" NUMBER, 
	"RECRUIT_NO" NUMBER, 
	"CREATED_AT" DATE
   ) SEGMENT CREATION IMMEDIATE 
  PCTFREE 10 PCTUSED 40 INITRANS 1 MAXTRANS 255 
 NOCOMPRESS LOGGING
  STORAGE(INITIAL 65536 NEXT 1048576 MINEXTENTS 1 MAXEXTENTS 2147483645
  PCTINCREASE 0 FREELISTS 1 FREELIST GROUPS 1
  BUFFER_POOL DEFAULT FLASH_CACHE DEFAULT CELL_FLASH_CACHE DEFAULT)
  TABLESPACE "USERS" ;

   COMMENT ON COLUMN "NUKACOLA"."BOOKMARKS"."USER_NO" IS '유저식별자';
   COMMENT ON COLUMN "NUKACOLA"."BOOKMARKS"."RECRUIT_NO" IS '채용공고식별자';
   COMMENT ON COLUMN "NUKACOLA"."BOOKMARKS"."CREATED_AT" IS '생성일';
--------------------------------------------------------
--  DDL for Table CAREERS
--------------------------------------------------------

  CREATE TABLE "NUKACOLA"."CAREERS" 
   (	"USER_NO" NUMBER, 
	"COMP_NO" NUMBER, 
	"CAREER_POSI" VARCHAR2(50 BYTE), 
	"CAREER_STATE" NUMBER DEFAULT 0, 
	"UPDATED_AT" DATE, 
	"ENTERED_AT" DATE, 
	"CREATED_AT" DATE DEFAULT sysdate
   ) SEGMENT CREATION IMMEDIATE 
  PCTFREE 10 PCTUSED 40 INITRANS 1 MAXTRANS 255 
 NOCOMPRESS LOGGING
  STORAGE(INITIAL 65536 NEXT 1048576 MINEXTENTS 1 MAXEXTENTS 2147483645
  PCTINCREASE 0 FREELISTS 1 FREELIST GROUPS 1
  BUFFER_POOL DEFAULT FLASH_CACHE DEFAULT CELL_FLASH_CACHE DEFAULT)
  TABLESPACE "USERS" ;

   COMMENT ON COLUMN "NUKACOLA"."CAREERS"."USER_NO" IS '유저식별자';
   COMMENT ON COLUMN "NUKACOLA"."CAREERS"."COMP_NO" IS '기업식별자';
   COMMENT ON COLUMN "NUKACOLA"."CAREERS"."CAREER_POSI" IS '포지션';
   COMMENT ON COLUMN "NUKACOLA"."CAREERS"."CAREER_STATE" IS '상태';
   COMMENT ON COLUMN "NUKACOLA"."CAREERS"."UPDATED_AT" IS '퇴사일';
   COMMENT ON COLUMN "NUKACOLA"."CAREERS"."ENTERED_AT" IS '입사일';
   COMMENT ON COLUMN "NUKACOLA"."CAREERS"."CREATED_AT" IS '생성일';
--------------------------------------------------------
--  DDL for Table CHATROOMS
--------------------------------------------------------

  CREATE TABLE "NUKACOLA"."CHATROOMS" 
   (	"CHATROOM_NO" NUMBER, 
	"CREATED_AT" DATE DEFAULT sysdate, 
	"USER_ONE" NUMBER, 
	"USER_TWO" NUMBER
   ) SEGMENT CREATION IMMEDIATE 
  PCTFREE 10 PCTUSED 40 INITRANS 1 MAXTRANS 255 
 NOCOMPRESS LOGGING
  STORAGE(INITIAL 65536 NEXT 1048576 MINEXTENTS 1 MAXEXTENTS 2147483645
  PCTINCREASE 0 FREELISTS 1 FREELIST GROUPS 1
  BUFFER_POOL DEFAULT FLASH_CACHE DEFAULT CELL_FLASH_CACHE DEFAULT)
  TABLESPACE "USERS" ;

   COMMENT ON COLUMN "NUKACOLA"."CHATROOMS"."CHATROOM_NO" IS '채팅방식별자';
   COMMENT ON COLUMN "NUKACOLA"."CHATROOMS"."CREATED_AT" IS '생성날짜';
   COMMENT ON COLUMN "NUKACOLA"."CHATROOMS"."USER_ONE" IS '유저1';
   COMMENT ON COLUMN "NUKACOLA"."CHATROOMS"."USER_TWO" IS '유저2';
--------------------------------------------------------
--  DDL for Table COMMENTS
--------------------------------------------------------

  CREATE TABLE "NUKACOLA"."COMMENTS" 
   (	"COMMENT_NO" NUMBER, 
	"COMMENT_CONTENT" VARCHAR2(300 BYTE), 
	"USER_NO" NUMBER, 
	"POST_NO" NUMBER, 
	"CREATED_AT" DATE DEFAULT sysdate, 
	"UPDATED_AT" DATE DEFAULT sysdate
   ) SEGMENT CREATION IMMEDIATE 
  PCTFREE 10 PCTUSED 40 INITRANS 1 MAXTRANS 255 
 NOCOMPRESS LOGGING
  STORAGE(INITIAL 65536 NEXT 1048576 MINEXTENTS 1 MAXEXTENTS 2147483645
  PCTINCREASE 0 FREELISTS 1 FREELIST GROUPS 1
  BUFFER_POOL DEFAULT FLASH_CACHE DEFAULT CELL_FLASH_CACHE DEFAULT)
  TABLESPACE "USERS" ;

   COMMENT ON COLUMN "NUKACOLA"."COMMENTS"."COMMENT_NO" IS '댓글식별자';
   COMMENT ON COLUMN "NUKACOLA"."COMMENTS"."COMMENT_CONTENT" IS '내용';
   COMMENT ON COLUMN "NUKACOLA"."COMMENTS"."USER_NO" IS '유저식별자';
   COMMENT ON COLUMN "NUKACOLA"."COMMENTS"."POST_NO" IS '게시글식별자';
   COMMENT ON COLUMN "NUKACOLA"."COMMENTS"."CREATED_AT" IS '작성일';
   COMMENT ON COLUMN "NUKACOLA"."COMMENTS"."UPDATED_AT" IS '수정일';
--------------------------------------------------------
--  DDL for Table COMPANYS
--------------------------------------------------------

  CREATE TABLE "NUKACOLA"."COMPANYS" 
   (	"COMP_NO" NUMBER, 
	"COMP_NAME" VARCHAR2(300 BYTE), 
	"COMP_INFO" VARCHAR2(2000 BYTE), 
	"COMP_EMAIL" VARCHAR2(30 BYTE), 
	"COMP_ADDRESS" VARCHAR2(100 BYTE), 
	"COMP_LOGO" VARCHAR2(300 BYTE), 
	"COMP_HEADCOUNT" VARCHAR2(100 BYTE), 
	"COMP_BIRTH" VARCHAR2(20 BYTE), 
	"CREATED_AT" DATE DEFAULT sysdate, 
	"UPDATED_AT" DATE DEFAULT sysdate, 
	"USER_NO" NUMBER, 
	"COMP_PM" NUMBER
   ) SEGMENT CREATION IMMEDIATE 
  PCTFREE 10 PCTUSED 40 INITRANS 1 MAXTRANS 255 
 NOCOMPRESS LOGGING
  STORAGE(INITIAL 65536 NEXT 1048576 MINEXTENTS 1 MAXEXTENTS 2147483645
  PCTINCREASE 0 FREELISTS 1 FREELIST GROUPS 1
  BUFFER_POOL DEFAULT FLASH_CACHE DEFAULT CELL_FLASH_CACHE DEFAULT)
  TABLESPACE "USERS" ;

   COMMENT ON COLUMN "NUKACOLA"."COMPANYS"."COMP_NO" IS '기업식별자';
   COMMENT ON COLUMN "NUKACOLA"."COMPANYS"."COMP_NAME" IS '기업명';
   COMMENT ON COLUMN "NUKACOLA"."COMPANYS"."COMP_INFO" IS '기업소개';
   COMMENT ON COLUMN "NUKACOLA"."COMPANYS"."COMP_EMAIL" IS '기업이메일';
   COMMENT ON COLUMN "NUKACOLA"."COMPANYS"."COMP_ADDRESS" IS '주소';
   COMMENT ON COLUMN "NUKACOLA"."COMPANYS"."COMP_LOGO" IS '로고';
   COMMENT ON COLUMN "NUKACOLA"."COMPANYS"."COMP_HEADCOUNT" IS '구성원';
   COMMENT ON COLUMN "NUKACOLA"."COMPANYS"."COMP_BIRTH" IS '설립년도';
   COMMENT ON COLUMN "NUKACOLA"."COMPANYS"."CREATED_AT" IS '테이블생성일';
   COMMENT ON COLUMN "NUKACOLA"."COMPANYS"."UPDATED_AT" IS '최종수정일';
   COMMENT ON COLUMN "NUKACOLA"."COMPANYS"."USER_NO" IS '기업관리자(생성자)';
   COMMENT ON COLUMN "NUKACOLA"."COMPANYS"."COMP_PM" IS '채용담당자';
--------------------------------------------------------
--  DDL for Table COMPINDUS
--------------------------------------------------------

  CREATE TABLE "NUKACOLA"."COMPINDUS" 
   (	"COMP_NO" NUMBER, 
	"INDUS_NO" NUMBER
   ) SEGMENT CREATION IMMEDIATE 
  PCTFREE 10 PCTUSED 40 INITRANS 1 MAXTRANS 255 
 NOCOMPRESS LOGGING
  STORAGE(INITIAL 65536 NEXT 1048576 MINEXTENTS 1 MAXEXTENTS 2147483645
  PCTINCREASE 0 FREELISTS 1 FREELIST GROUPS 1
  BUFFER_POOL DEFAULT FLASH_CACHE DEFAULT CELL_FLASH_CACHE DEFAULT)
  TABLESPACE "USERS" ;

   COMMENT ON COLUMN "NUKACOLA"."COMPINDUS"."COMP_NO" IS '기업식별자';
   COMMENT ON COLUMN "NUKACOLA"."COMPINDUS"."INDUS_NO" IS '분야식별자';
--------------------------------------------------------
--  DDL for Table COMP_SUB
--------------------------------------------------------

  CREATE TABLE "NUKACOLA"."COMP_SUB" 
   (	"USER_NO" NUMBER, 
	"COMP_NO" NUMBER, 
	"CREATED_AT" DATE DEFAULT sysdate
   ) SEGMENT CREATION IMMEDIATE 
  PCTFREE 10 PCTUSED 40 INITRANS 1 MAXTRANS 255 
 NOCOMPRESS LOGGING
  STORAGE(INITIAL 65536 NEXT 1048576 MINEXTENTS 1 MAXEXTENTS 2147483645
  PCTINCREASE 0 FREELISTS 1 FREELIST GROUPS 1
  BUFFER_POOL DEFAULT FLASH_CACHE DEFAULT CELL_FLASH_CACHE DEFAULT)
  TABLESPACE "USERS" ;

   COMMENT ON COLUMN "NUKACOLA"."COMP_SUB"."USER_NO" IS '유저식별자';
   COMMENT ON COLUMN "NUKACOLA"."COMP_SUB"."COMP_NO" IS '기업식별자';
   COMMENT ON COLUMN "NUKACOLA"."COMP_SUB"."CREATED_AT" IS '생성일';
--------------------------------------------------------
--  DDL for Table CONNECTIONS
--------------------------------------------------------

  CREATE TABLE "NUKACOLA"."CONNECTIONS" 
   (	"FOLLOWER_NO" NUMBER, 
	"FOLLOWING_NO" NUMBER, 
	"CREATED_AT" DATE DEFAULT sysdate
   ) SEGMENT CREATION IMMEDIATE 
  PCTFREE 10 PCTUSED 40 INITRANS 1 MAXTRANS 255 
 NOCOMPRESS LOGGING
  STORAGE(INITIAL 65536 NEXT 1048576 MINEXTENTS 1 MAXEXTENTS 2147483645
  PCTINCREASE 0 FREELISTS 1 FREELIST GROUPS 1
  BUFFER_POOL DEFAULT FLASH_CACHE DEFAULT CELL_FLASH_CACHE DEFAULT)
  TABLESPACE "USERS" ;

   COMMENT ON COLUMN "NUKACOLA"."CONNECTIONS"."FOLLOWER_NO" IS '건사람';
   COMMENT ON COLUMN "NUKACOLA"."CONNECTIONS"."FOLLOWING_NO" IS '당한사람';
   COMMENT ON COLUMN "NUKACOLA"."CONNECTIONS"."CREATED_AT" IS '생성일';
--------------------------------------------------------
--  DDL for Table COUNSELS
--------------------------------------------------------

  CREATE TABLE "NUKACOLA"."COUNSELS" 
   (	"COUNSEL_NO" NUMBER, 
	"COUNSEL_CONTENT" VARCHAR2(1000 BYTE), 
	"COUNSEL_USER" NUMBER, 
	"APPLY_NO" NUMBER, 
	"COUNSEL_STATE" NUMBER, 
	"CREATED_AT" DATE DEFAULT sysdate
   ) SEGMENT CREATION IMMEDIATE 
  PCTFREE 10 PCTUSED 40 INITRANS 1 MAXTRANS 255 
 NOCOMPRESS LOGGING
  STORAGE(INITIAL 65536 NEXT 1048576 MINEXTENTS 1 MAXEXTENTS 2147483645
  PCTINCREASE 0 FREELISTS 1 FREELIST GROUPS 1
  BUFFER_POOL DEFAULT FLASH_CACHE DEFAULT CELL_FLASH_CACHE DEFAULT)
  TABLESPACE "USERS" ;

   COMMENT ON COLUMN "NUKACOLA"."COUNSELS"."COUNSEL_NO" IS '상담톡식별자';
   COMMENT ON COLUMN "NUKACOLA"."COUNSELS"."COUNSEL_CONTENT" IS '내용';
   COMMENT ON COLUMN "NUKACOLA"."COUNSELS"."COUNSEL_USER" IS '지원한 사람';
   COMMENT ON COLUMN "NUKACOLA"."COUNSELS"."APPLY_NO" IS '공고지원 식별자';
   COMMENT ON COLUMN "NUKACOLA"."COUNSELS"."COUNSEL_STATE" IS '질문or답변';
   COMMENT ON COLUMN "NUKACOLA"."COUNSELS"."CREATED_AT" IS '작성일';
--------------------------------------------------------
--  DDL for Table DECLARES
--------------------------------------------------------

  CREATE TABLE "NUKACOLA"."DECLARES" 
   (	"USER_NO" NUMBER, 
	"RECRUIT_NO" NUMBER, 
	"DECLARE_TITLE" VARCHAR2(1000 BYTE), 
	"CREATED_AT" DATE DEFAULT sysdate
   ) SEGMENT CREATION IMMEDIATE 
  PCTFREE 10 PCTUSED 40 INITRANS 1 MAXTRANS 255 
 NOCOMPRESS LOGGING
  STORAGE(INITIAL 65536 NEXT 1048576 MINEXTENTS 1 MAXEXTENTS 2147483645
  PCTINCREASE 0 FREELISTS 1 FREELIST GROUPS 1
  BUFFER_POOL DEFAULT FLASH_CACHE DEFAULT CELL_FLASH_CACHE DEFAULT)
  TABLESPACE "USERS" ;

   COMMENT ON COLUMN "NUKACOLA"."DECLARES"."USER_NO" IS '유저식별자';
   COMMENT ON COLUMN "NUKACOLA"."DECLARES"."RECRUIT_NO" IS '채용공고 식별저';
   COMMENT ON COLUMN "NUKACOLA"."DECLARES"."DECLARE_TITLE" IS '신고내용';
   COMMENT ON COLUMN "NUKACOLA"."DECLARES"."CREATED_AT" IS '신고일';
--------------------------------------------------------
--  DDL for Table INDUSTRIES
--------------------------------------------------------

  CREATE TABLE "NUKACOLA"."INDUSTRIES" 
   (	"INDUS_NO" NUMBER, 
	"INDUS_NAME" VARCHAR2(70 BYTE), 
	"CREATED_AT" DATE DEFAULT sysdate, 
	"UPDATED_AT" DATE DEFAULT sysdate
   ) SEGMENT CREATION IMMEDIATE 
  PCTFREE 10 PCTUSED 40 INITRANS 1 MAXTRANS 255 
 NOCOMPRESS LOGGING
  STORAGE(INITIAL 65536 NEXT 1048576 MINEXTENTS 1 MAXEXTENTS 2147483645
  PCTINCREASE 0 FREELISTS 1 FREELIST GROUPS 1
  BUFFER_POOL DEFAULT FLASH_CACHE DEFAULT CELL_FLASH_CACHE DEFAULT)
  TABLESPACE "USERS" ;

   COMMENT ON COLUMN "NUKACOLA"."INDUSTRIES"."INDUS_NO" IS '분야식별자';
   COMMENT ON COLUMN "NUKACOLA"."INDUSTRIES"."INDUS_NAME" IS '산업명';
   COMMENT ON COLUMN "NUKACOLA"."INDUSTRIES"."CREATED_AT" IS '생성일';
   COMMENT ON COLUMN "NUKACOLA"."INDUSTRIES"."UPDATED_AT" IS '수정일';
--------------------------------------------------------
--  DDL for Table LIKES
--------------------------------------------------------

  CREATE TABLE "NUKACOLA"."LIKES" 
   (	"USER_NO" NUMBER, 
	"POST_NO" NUMBER, 
	"CREATED_AT" DATE DEFAULT sysdate
   ) SEGMENT CREATION IMMEDIATE 
  PCTFREE 10 PCTUSED 40 INITRANS 1 MAXTRANS 255 
 NOCOMPRESS LOGGING
  STORAGE(INITIAL 65536 NEXT 1048576 MINEXTENTS 1 MAXEXTENTS 2147483645
  PCTINCREASE 0 FREELISTS 1 FREELIST GROUPS 1
  BUFFER_POOL DEFAULT FLASH_CACHE DEFAULT CELL_FLASH_CACHE DEFAULT)
  TABLESPACE "USERS" ;

   COMMENT ON COLUMN "NUKACOLA"."LIKES"."USER_NO" IS '유저식별자';
   COMMENT ON COLUMN "NUKACOLA"."LIKES"."POST_NO" IS '게시글식별자';
   COMMENT ON COLUMN "NUKACOLA"."LIKES"."CREATED_AT" IS '생성일';
--------------------------------------------------------
--  DDL for Table MESSAGES
--------------------------------------------------------

  CREATE TABLE "NUKACOLA"."MESSAGES" 
   (	"MESSAGE_NO" NUMBER, 
	"MESSAGE_CONTENT" VARCHAR2(1000 BYTE), 
	"CREATED_AT" DATE DEFAULT sysdate, 
	"DELIVER_NO" NUMBER, 
	"RECIVER_NO" NUMBER, 
	"CHATROOM_NO" NUMBER
   ) SEGMENT CREATION IMMEDIATE 
  PCTFREE 10 PCTUSED 40 INITRANS 1 MAXTRANS 255 
 NOCOMPRESS LOGGING
  STORAGE(INITIAL 65536 NEXT 1048576 MINEXTENTS 1 MAXEXTENTS 2147483645
  PCTINCREASE 0 FREELISTS 1 FREELIST GROUPS 1
  BUFFER_POOL DEFAULT FLASH_CACHE DEFAULT CELL_FLASH_CACHE DEFAULT)
  TABLESPACE "USERS" ;

   COMMENT ON COLUMN "NUKACOLA"."MESSAGES"."MESSAGE_NO" IS '메시지식별자';
   COMMENT ON COLUMN "NUKACOLA"."MESSAGES"."MESSAGE_CONTENT" IS '메시지내용';
   COMMENT ON COLUMN "NUKACOLA"."MESSAGES"."CREATED_AT" IS '작성날짜';
   COMMENT ON COLUMN "NUKACOLA"."MESSAGES"."DELIVER_NO" IS '보낸사람';
   COMMENT ON COLUMN "NUKACOLA"."MESSAGES"."RECIVER_NO" IS '받는사람';
   COMMENT ON COLUMN "NUKACOLA"."MESSAGES"."CHATROOM_NO" IS '채팅방식별자';
--------------------------------------------------------
--  DDL for Table POSTS
--------------------------------------------------------

  CREATE TABLE "NUKACOLA"."POSTS" 
   (	"POST_NO" NUMBER, 
	"POST_CONTENT" VARCHAR2(1000 BYTE), 
	"POST_IMAGE" VARCHAR2(300 BYTE), 
	"CREATED_AT" DATE DEFAULT sysdate, 
	"UPDATED_AT" DATE DEFAULT sysdate, 
	"USER_NO" NUMBER
   ) SEGMENT CREATION IMMEDIATE 
  PCTFREE 10 PCTUSED 40 INITRANS 1 MAXTRANS 255 
 NOCOMPRESS LOGGING
  STORAGE(INITIAL 65536 NEXT 1048576 MINEXTENTS 1 MAXEXTENTS 2147483645
  PCTINCREASE 0 FREELISTS 1 FREELIST GROUPS 1
  BUFFER_POOL DEFAULT FLASH_CACHE DEFAULT CELL_FLASH_CACHE DEFAULT)
  TABLESPACE "USERS" ;

   COMMENT ON COLUMN "NUKACOLA"."POSTS"."POST_NO" IS '게시글식별자';
   COMMENT ON COLUMN "NUKACOLA"."POSTS"."POST_CONTENT" IS '게시글내용';
   COMMENT ON COLUMN "NUKACOLA"."POSTS"."POST_IMAGE" IS '이미지경로';
   COMMENT ON COLUMN "NUKACOLA"."POSTS"."CREATED_AT" IS '게시글생성일';
   COMMENT ON COLUMN "NUKACOLA"."POSTS"."UPDATED_AT" IS '최종수정일';
   COMMENT ON COLUMN "NUKACOLA"."POSTS"."USER_NO" IS '유저식별자';
--------------------------------------------------------
--  DDL for Table PROJECTS
--------------------------------------------------------

  CREATE TABLE "NUKACOLA"."PROJECTS" 
   (	"PROJECT_ID" NUMBER, 
	"PROJECT_NAME" VARCHAR2(100 BYTE), 
	"PROJECT_POSITION" VARCHAR2(50 BYTE), 
	"USER_NO" NUMBER, 
	"PROJECT_START" VARCHAR2(30 BYTE), 
	"PROJECT_END" VARCHAR2(30 BYTE)
   ) SEGMENT CREATION IMMEDIATE 
  PCTFREE 10 PCTUSED 40 INITRANS 1 MAXTRANS 255 
 NOCOMPRESS LOGGING
  STORAGE(INITIAL 65536 NEXT 1048576 MINEXTENTS 1 MAXEXTENTS 2147483645
  PCTINCREASE 0 FREELISTS 1 FREELIST GROUPS 1
  BUFFER_POOL DEFAULT FLASH_CACHE DEFAULT CELL_FLASH_CACHE DEFAULT)
  TABLESPACE "USERS" ;

   COMMENT ON COLUMN "NUKACOLA"."PROJECTS"."PROJECT_ID" IS '프로젝트식별자';
   COMMENT ON COLUMN "NUKACOLA"."PROJECTS"."PROJECT_NAME" IS '프로젝트명';
   COMMENT ON COLUMN "NUKACOLA"."PROJECTS"."PROJECT_POSITION" IS '업무';
   COMMENT ON COLUMN "NUKACOLA"."PROJECTS"."USER_NO" IS '유저식별자';
   COMMENT ON COLUMN "NUKACOLA"."PROJECTS"."PROJECT_START" IS '시작일';
   COMMENT ON COLUMN "NUKACOLA"."PROJECTS"."PROJECT_END" IS '종료일';
--------------------------------------------------------
--  DDL for Table RECRUITS
--------------------------------------------------------

  CREATE TABLE "NUKACOLA"."RECRUITS" 
   (	"RECRUIT_NO" NUMBER, 
	"RECRUIT_TITLE" VARCHAR2(150 BYTE), 
	"RECRUIT_INFO" VARCHAR2(2000 BYTE), 
	"RECRUIT_STATE" NUMBER DEFAULT 0, 
	"RECRUIT_MAIN" VARCHAR2(500 BYTE), 
	"RECURIT_POSI" NUMBER, 
	"RECRUIT_IMG" VARCHAR2(200 BYTE), 
	"RECRUIT_MINSALARY" VARCHAR2(100 BYTE), 
	"RECRUIT_MAXSALARY" NUMBER, 
	"RECRUIT_REQU" NUMBER, 
	"RECRUIT_DL" VARCHAR2(30 BYTE), 
	"RECRUIT_COUNT" NUMBER DEFAULT 0, 
	"COMP_NO" NUMBER, 
	"CREATED_AT" DATE DEFAULT sysdate
   ) SEGMENT CREATION IMMEDIATE 
  PCTFREE 10 PCTUSED 40 INITRANS 1 MAXTRANS 255 
 NOCOMPRESS LOGGING
  STORAGE(INITIAL 65536 NEXT 1048576 MINEXTENTS 1 MAXEXTENTS 2147483645
  PCTINCREASE 0 FREELISTS 1 FREELIST GROUPS 1
  BUFFER_POOL DEFAULT FLASH_CACHE DEFAULT CELL_FLASH_CACHE DEFAULT)
  TABLESPACE "USERS" ;

   COMMENT ON COLUMN "NUKACOLA"."RECRUITS"."RECRUIT_NO" IS '채용공고식별자';
   COMMENT ON COLUMN "NUKACOLA"."RECRUITS"."RECRUIT_TITLE" IS '잡타이틀';
   COMMENT ON COLUMN "NUKACOLA"."RECRUITS"."RECRUIT_INFO" IS '채용상세';
   COMMENT ON COLUMN "NUKACOLA"."RECRUITS"."RECRUIT_STATE" IS '상태';
   COMMENT ON COLUMN "NUKACOLA"."RECRUITS"."RECRUIT_MAIN" IS '주요업무';
   COMMENT ON COLUMN "NUKACOLA"."RECRUITS"."RECURIT_POSI" IS '업무분야';
   COMMENT ON COLUMN "NUKACOLA"."RECRUITS"."RECRUIT_IMG" IS '이미지(소개)';
   COMMENT ON COLUMN "NUKACOLA"."RECRUITS"."RECRUIT_MINSALARY" IS '최소연봉';
   COMMENT ON COLUMN "NUKACOLA"."RECRUITS"."RECRUIT_MAXSALARY" IS '최대연봉';
   COMMENT ON COLUMN "NUKACOLA"."RECRUITS"."RECRUIT_REQU" IS '채용조건';
   COMMENT ON COLUMN "NUKACOLA"."RECRUITS"."RECRUIT_DL" IS '마감일';
   COMMENT ON COLUMN "NUKACOLA"."RECRUITS"."RECRUIT_COUNT" IS '조회수';
   COMMENT ON COLUMN "NUKACOLA"."RECRUITS"."COMP_NO" IS '기업식별자';
   COMMENT ON COLUMN "NUKACOLA"."RECRUITS"."CREATED_AT" IS '등록일';
--------------------------------------------------------
--  DDL for Table RECRUIT_SKILLS
--------------------------------------------------------

  CREATE TABLE "NUKACOLA"."RECRUIT_SKILLS" 
   (	"RECRUIT_NO" NUMBER, 
	"SKILL_NO" NUMBER, 
	"CREATED_AT" DATE DEFAULT sysdate
   ) SEGMENT CREATION IMMEDIATE 
  PCTFREE 10 PCTUSED 40 INITRANS 1 MAXTRANS 255 
 NOCOMPRESS LOGGING
  STORAGE(INITIAL 65536 NEXT 1048576 MINEXTENTS 1 MAXEXTENTS 2147483645
  PCTINCREASE 0 FREELISTS 1 FREELIST GROUPS 1
  BUFFER_POOL DEFAULT FLASH_CACHE DEFAULT CELL_FLASH_CACHE DEFAULT)
  TABLESPACE "USERS" ;

   COMMENT ON COLUMN "NUKACOLA"."RECRUIT_SKILLS"."RECRUIT_NO" IS '채용공고식별자';
   COMMENT ON COLUMN "NUKACOLA"."RECRUIT_SKILLS"."SKILL_NO" IS '기술식별자';
   COMMENT ON COLUMN "NUKACOLA"."RECRUIT_SKILLS"."CREATED_AT" IS '생성일';
--------------------------------------------------------
--  DDL for Table SKILLS
--------------------------------------------------------

  CREATE TABLE "NUKACOLA"."SKILLS" 
   (	"SKILL_NO" NUMBER, 
	"SKILL_NAME" VARCHAR2(40 BYTE), 
	"CREATED_AT" DATE DEFAULT sysdate
   ) SEGMENT CREATION IMMEDIATE 
  PCTFREE 10 PCTUSED 40 INITRANS 1 MAXTRANS 255 
 NOCOMPRESS LOGGING
  STORAGE(INITIAL 65536 NEXT 1048576 MINEXTENTS 1 MAXEXTENTS 2147483645
  PCTINCREASE 0 FREELISTS 1 FREELIST GROUPS 1
  BUFFER_POOL DEFAULT FLASH_CACHE DEFAULT CELL_FLASH_CACHE DEFAULT)
  TABLESPACE "USERS" ;
--------------------------------------------------------
--  DDL for Table TECH_STACKS
--------------------------------------------------------

  CREATE TABLE "NUKACOLA"."TECH_STACKS" 
   (	"COMP_NO" NUMBER, 
	"SKILL_NO" NUMBER, 
	"STACKS_POSI" NUMBER DEFAULT 3, 
	"CREATED_AT" DATE DEFAULT sysdate
   ) SEGMENT CREATION IMMEDIATE 
  PCTFREE 10 PCTUSED 40 INITRANS 1 MAXTRANS 255 
 NOCOMPRESS LOGGING
  STORAGE(INITIAL 65536 NEXT 1048576 MINEXTENTS 1 MAXEXTENTS 2147483645
  PCTINCREASE 0 FREELISTS 1 FREELIST GROUPS 1
  BUFFER_POOL DEFAULT FLASH_CACHE DEFAULT CELL_FLASH_CACHE DEFAULT)
  TABLESPACE "USERS" ;

   COMMENT ON COLUMN "NUKACOLA"."TECH_STACKS"."COMP_NO" IS '기업식별자';
   COMMENT ON COLUMN "NUKACOLA"."TECH_STACKS"."SKILL_NO" IS '기술식별자';
   COMMENT ON COLUMN "NUKACOLA"."TECH_STACKS"."STACKS_POSI" IS '분야';
   COMMENT ON COLUMN "NUKACOLA"."TECH_STACKS"."CREATED_AT" IS '생성일';
--------------------------------------------------------
--  DDL for Table USERS
--------------------------------------------------------

  CREATE TABLE "NUKACOLA"."USERS" 
   (	"USER_NO" NUMBER, 
	"LOGIN_TYPE" VARCHAR2(30 BYTE) DEFAULT 'local', 
	"USER_EMAIL" VARCHAR2(30 BYTE), 
	"USER_PWD" VARCHAR2(100 BYTE), 
	"USER_NAME" VARCHAR2(30 BYTE), 
	"USER_BIRTH" VARCHAR2(100 BYTE), 
	"USER_POSI" NUMBER, 
	"USER_STATUS" NUMBER DEFAULT 0, 
	"USER_INFO" VARCHAR2(1000 BYTE), 
	"USER_EDU" VARCHAR2(500 BYTE), 
	"USER_AVATAR" VARCHAR2(300 BYTE), 
	"CREATED_AT" DATE DEFAULT sysdate, 
	"UPDATED_AT" DATE DEFAULT sysdate, 
	"ACCESS_TOKEN" VARCHAR2(200 BYTE), 
	"CERTIFY_QUES" VARCHAR2(100 BYTE), 
	"CERTIFY_ANS" VARCHAR2(100 BYTE), 
	"EMAIL_AUTH" VARCHAR2(100 BYTE) DEFAULT 'N', 
	"USER_COMP" VARCHAR2(100 BYTE)
   ) SEGMENT CREATION IMMEDIATE 
  PCTFREE 10 PCTUSED 40 INITRANS 1 MAXTRANS 255 
 NOCOMPRESS LOGGING
  STORAGE(INITIAL 65536 NEXT 1048576 MINEXTENTS 1 MAXEXTENTS 2147483645
  PCTINCREASE 0 FREELISTS 1 FREELIST GROUPS 1
  BUFFER_POOL DEFAULT FLASH_CACHE DEFAULT CELL_FLASH_CACHE DEFAULT)
  TABLESPACE "USERS" ;

   COMMENT ON COLUMN "NUKACOLA"."USERS"."USER_NO" IS '유저식별자';
   COMMENT ON COLUMN "NUKACOLA"."USERS"."LOGIN_TYPE" IS '로그인타입';
   COMMENT ON COLUMN "NUKACOLA"."USERS"."USER_EMAIL" IS '이메일';
   COMMENT ON COLUMN "NUKACOLA"."USERS"."USER_PWD" IS '비밀번호';
   COMMENT ON COLUMN "NUKACOLA"."USERS"."USER_NAME" IS '이름';
   COMMENT ON COLUMN "NUKACOLA"."USERS"."USER_BIRTH" IS '생년월일';
   COMMENT ON COLUMN "NUKACOLA"."USERS"."USER_POSI" IS '업무분야';
   COMMENT ON COLUMN "NUKACOLA"."USERS"."USER_STATUS" IS '상태';
   COMMENT ON COLUMN "NUKACOLA"."USERS"."USER_INFO" IS '한줄소개';
   COMMENT ON COLUMN "NUKACOLA"."USERS"."USER_EDU" IS '최종학력';
   COMMENT ON COLUMN "NUKACOLA"."USERS"."USER_AVATAR" IS '아바타';
   COMMENT ON COLUMN "NUKACOLA"."USERS"."CREATED_AT" IS '최초가입일';
   COMMENT ON COLUMN "NUKACOLA"."USERS"."UPDATED_AT" IS '최종수정일';
   COMMENT ON COLUMN "NUKACOLA"."USERS"."ACCESS_TOKEN" IS '액세스토큰';
   COMMENT ON COLUMN "NUKACOLA"."USERS"."CERTIFY_QUES" IS '본인확인질문';
   COMMENT ON COLUMN "NUKACOLA"."USERS"."CERTIFY_ANS" IS '본인확인답';
   COMMENT ON COLUMN "NUKACOLA"."USERS"."EMAIL_AUTH" IS '이메일인증';
--------------------------------------------------------
--  DDL for Table USER_FIELDS
--------------------------------------------------------

  CREATE TABLE "NUKACOLA"."USER_FIELDS" 
   (	"USER_NO" NUMBER, 
	"SKILL_NO" NUMBER, 
	"CREATED_AT" DATE DEFAULT sysdate
   ) SEGMENT CREATION IMMEDIATE 
  PCTFREE 10 PCTUSED 40 INITRANS 1 MAXTRANS 255 
 NOCOMPRESS LOGGING
  STORAGE(INITIAL 65536 NEXT 1048576 MINEXTENTS 1 MAXEXTENTS 2147483645
  PCTINCREASE 0 FREELISTS 1 FREELIST GROUPS 1
  BUFFER_POOL DEFAULT FLASH_CACHE DEFAULT CELL_FLASH_CACHE DEFAULT)
  TABLESPACE "USERS" ;

   COMMENT ON COLUMN "NUKACOLA"."USER_FIELDS"."USER_NO" IS '유저식별자';
   COMMENT ON COLUMN "NUKACOLA"."USER_FIELDS"."SKILL_NO" IS '기술식별자';
   COMMENT ON COLUMN "NUKACOLA"."USER_FIELDS"."CREATED_AT" IS '생성일';
REM INSERTING into NUKACOLA.APPLIES
SET DEFINE OFF;
Insert into NUKACOLA.APPLIES (APPLY_NO,APPLY_COMMENT,APPLY_PROG,CREATED_AT,UPDATED_AT,USER_NO,RECRUIT_NO) values (2049,'123123',0,to_date('21/01/07','RR/MM/DD'),to_date('21/01/07','RR/MM/DD'),30,2029);
Insert into NUKACOLA.APPLIES (APPLY_NO,APPLY_COMMENT,APPLY_PROG,CREATED_AT,UPDATED_AT,USER_NO,RECRUIT_NO) values (2057,'지원합니다!',0,to_date('21/01/11','RR/MM/DD'),to_date('21/01/11','RR/MM/DD'),2047,2029);
Insert into NUKACOLA.APPLIES (APPLY_NO,APPLY_COMMENT,APPLY_PROG,CREATED_AT,UPDATED_AT,USER_NO,RECRUIT_NO) values (2048,'안녕!!',0,to_date('21/01/07','RR/MM/DD'),to_date('21/01/07','RR/MM/DD'),30,2028);
Insert into NUKACOLA.APPLIES (APPLY_NO,APPLY_COMMENT,APPLY_PROG,CREATED_AT,UPDATED_AT,USER_NO,RECRUIT_NO) values (2050,'23123124124124',2,to_date('21/01/08','RR/MM/DD'),to_date('21/01/08','RR/MM/DD'),1,2028);
Insert into NUKACOLA.APPLIES (APPLY_NO,APPLY_COMMENT,APPLY_PROG,CREATED_AT,UPDATED_AT,USER_NO,RECRUIT_NO) values (2052,'ㅣㅣ',0,to_date('21/01/08','RR/MM/DD'),to_date('21/01/08','RR/MM/DD'),2035,1);
Insert into NUKACOLA.APPLIES (APPLY_NO,APPLY_COMMENT,APPLY_PROG,CREATED_AT,UPDATED_AT,USER_NO,RECRUIT_NO) values (2054,'루팡 제대로해보겠습니다.!',1,to_date('21/01/10','RR/MM/DD'),to_date('21/01/10','RR/MM/DD'),1,2041);
Insert into NUKACOLA.APPLIES (APPLY_NO,APPLY_COMMENT,APPLY_PROG,CREATED_AT,UPDATED_AT,USER_NO,RECRUIT_NO) values (2055,'지원한다!',0,to_date('21/01/10','RR/MM/DD'),to_date('21/01/10','RR/MM/DD'),1,2037);
Insert into NUKACOLA.APPLIES (APPLY_NO,APPLY_COMMENT,APPLY_PROG,CREATED_AT,UPDATED_AT,USER_NO,RECRUIT_NO) values (2056,'지원합니다.',0,to_date('21/01/10','RR/MM/DD'),to_date('21/01/10','RR/MM/DD'),1,6);
Insert into NUKACOLA.APPLIES (APPLY_NO,APPLY_COMMENT,APPLY_PROG,CREATED_AT,UPDATED_AT,USER_NO,RECRUIT_NO) values (2059,'꼭 일하고싶습니다!',2,to_date('21/01/11','RR/MM/DD'),to_date('21/01/11','RR/MM/DD'),1,2042);
Insert into NUKACOLA.APPLIES (APPLY_NO,APPLY_COMMENT,APPLY_PROG,CREATED_AT,UPDATED_AT,USER_NO,RECRUIT_NO) values (2045,'지원합니다',2,to_date('21/01/03','RR/MM/DD'),to_date('21/01/03','RR/MM/DD'),30,2029);
Insert into NUKACOLA.APPLIES (APPLY_NO,APPLY_COMMENT,APPLY_PROG,CREATED_AT,UPDATED_AT,USER_NO,RECRUIT_NO) values (2046,'지원합니다',1,to_date('21/01/03','RR/MM/DD'),to_date('21/01/03','RR/MM/DD'),30,2030);
Insert into NUKACOLA.APPLIES (APPLY_NO,APPLY_COMMENT,APPLY_PROG,CREATED_AT,UPDATED_AT,USER_NO,RECRUIT_NO) values (2031,'지원합니다',3,to_date('21/01/01','RR/MM/DD'),to_date('21/01/01','RR/MM/DD'),1,1);
REM INSERTING into NUKACOLA.BLOCKS
SET DEFINE OFF;
REM INSERTING into NUKACOLA.BOOKMARKS
SET DEFINE OFF;
Insert into NUKACOLA.BOOKMARKS (USER_NO,RECRUIT_NO,CREATED_AT) values (2047,2028,to_date('21/01/11','RR/MM/DD'));
Insert into NUKACOLA.BOOKMARKS (USER_NO,RECRUIT_NO,CREATED_AT) values (2047,2030,to_date('21/01/11','RR/MM/DD'));
Insert into NUKACOLA.BOOKMARKS (USER_NO,RECRUIT_NO,CREATED_AT) values (1,4,to_date('21/01/07','RR/MM/DD'));
Insert into NUKACOLA.BOOKMARKS (USER_NO,RECRUIT_NO,CREATED_AT) values (1,2037,to_date('21/01/07','RR/MM/DD'));
Insert into NUKACOLA.BOOKMARKS (USER_NO,RECRUIT_NO,CREATED_AT) values (1,9,to_date('21/01/07','RR/MM/DD'));
Insert into NUKACOLA.BOOKMARKS (USER_NO,RECRUIT_NO,CREATED_AT) values (1,6,to_date('21/01/07','RR/MM/DD'));
Insert into NUKACOLA.BOOKMARKS (USER_NO,RECRUIT_NO,CREATED_AT) values (1,2030,to_date('21/01/08','RR/MM/DD'));
Insert into NUKACOLA.BOOKMARKS (USER_NO,RECRUIT_NO,CREATED_AT) values (1,2028,to_date('21/01/08','RR/MM/DD'));
Insert into NUKACOLA.BOOKMARKS (USER_NO,RECRUIT_NO,CREATED_AT) values (1,2029,to_date('21/01/08','RR/MM/DD'));
Insert into NUKACOLA.BOOKMARKS (USER_NO,RECRUIT_NO,CREATED_AT) values (1,2031,to_date('21/01/08','RR/MM/DD'));
Insert into NUKACOLA.BOOKMARKS (USER_NO,RECRUIT_NO,CREATED_AT) values (7,2028,to_date('21/01/09','RR/MM/DD'));
Insert into NUKACOLA.BOOKMARKS (USER_NO,RECRUIT_NO,CREATED_AT) values (7,2029,to_date('21/01/09','RR/MM/DD'));
Insert into NUKACOLA.BOOKMARKS (USER_NO,RECRUIT_NO,CREATED_AT) values (7,2030,to_date('21/01/09','RR/MM/DD'));
Insert into NUKACOLA.BOOKMARKS (USER_NO,RECRUIT_NO,CREATED_AT) values (7,2031,to_date('21/01/09','RR/MM/DD'));
Insert into NUKACOLA.BOOKMARKS (USER_NO,RECRUIT_NO,CREATED_AT) values (7,4,to_date('21/01/09','RR/MM/DD'));
Insert into NUKACOLA.BOOKMARKS (USER_NO,RECRUIT_NO,CREATED_AT) values (7,3,to_date('21/01/09','RR/MM/DD'));
Insert into NUKACOLA.BOOKMARKS (USER_NO,RECRUIT_NO,CREATED_AT) values (7,2,to_date('21/01/09','RR/MM/DD'));
Insert into NUKACOLA.BOOKMARKS (USER_NO,RECRUIT_NO,CREATED_AT) values (7,1,to_date('21/01/09','RR/MM/DD'));
Insert into NUKACOLA.BOOKMARKS (USER_NO,RECRUIT_NO,CREATED_AT) values (7,5,to_date('21/01/09','RR/MM/DD'));
Insert into NUKACOLA.BOOKMARKS (USER_NO,RECRUIT_NO,CREATED_AT) values (37,2028,to_date('21/01/10','RR/MM/DD'));
Insert into NUKACOLA.BOOKMARKS (USER_NO,RECRUIT_NO,CREATED_AT) values (37,2029,to_date('21/01/10','RR/MM/DD'));
Insert into NUKACOLA.BOOKMARKS (USER_NO,RECRUIT_NO,CREATED_AT) values (2047,2029,to_date('21/01/11','RR/MM/DD'));
Insert into NUKACOLA.BOOKMARKS (USER_NO,RECRUIT_NO,CREATED_AT) values (37,2030,to_date('21/01/10','RR/MM/DD'));
Insert into NUKACOLA.BOOKMARKS (USER_NO,RECRUIT_NO,CREATED_AT) values (2047,2031,to_date('21/01/11','RR/MM/DD'));
Insert into NUKACOLA.BOOKMARKS (USER_NO,RECRUIT_NO,CREATED_AT) values (2047,3,to_date('21/01/11','RR/MM/DD'));
Insert into NUKACOLA.BOOKMARKS (USER_NO,RECRUIT_NO,CREATED_AT) values (2047,4,to_date('21/01/11','RR/MM/DD'));
Insert into NUKACOLA.BOOKMARKS (USER_NO,RECRUIT_NO,CREATED_AT) values (2047,2,to_date('21/01/11','RR/MM/DD'));
Insert into NUKACOLA.BOOKMARKS (USER_NO,RECRUIT_NO,CREATED_AT) values (2047,1,to_date('21/01/11','RR/MM/DD'));
Insert into NUKACOLA.BOOKMARKS (USER_NO,RECRUIT_NO,CREATED_AT) values (2047,5,to_date('21/01/11','RR/MM/DD'));
Insert into NUKACOLA.BOOKMARKS (USER_NO,RECRUIT_NO,CREATED_AT) values (1,5,to_date('21/01/09','RR/MM/DD'));
REM INSERTING into NUKACOLA.CAREERS
SET DEFINE OFF;
Insert into NUKACOLA.CAREERS (USER_NO,COMP_NO,CAREER_POSI,CAREER_STATE,UPDATED_AT,ENTERED_AT,CREATED_AT) values (2027,2026,'크루',0,to_date('21/01/11','RR/MM/DD'),to_date('21/01/11','RR/MM/DD'),to_date('21/01/11','RR/MM/DD'));
Insert into NUKACOLA.CAREERS (USER_NO,COMP_NO,CAREER_POSI,CAREER_STATE,UPDATED_AT,ENTERED_AT,CREATED_AT) values (2045,2026,'크루',0,to_date('21/01/11','RR/MM/DD'),to_date('21/01/11','RR/MM/DD'),to_date('21/01/11','RR/MM/DD'));
Insert into NUKACOLA.CAREERS (USER_NO,COMP_NO,CAREER_POSI,CAREER_STATE,UPDATED_AT,ENTERED_AT,CREATED_AT) values (30,2026,'크루',0,to_date('21/01/11','RR/MM/DD'),to_date('21/01/11','RR/MM/DD'),to_date('21/01/11','RR/MM/DD'));
Insert into NUKACOLA.CAREERS (USER_NO,COMP_NO,CAREER_POSI,CAREER_STATE,UPDATED_AT,ENTERED_AT,CREATED_AT) values (1,4,'Front-End',0,to_date('20/12/23','RR/MM/DD'),to_date('20/12/23','RR/MM/DD'),to_date('21/01/03','RR/MM/DD'));
Insert into NUKACOLA.CAREERS (USER_NO,COMP_NO,CAREER_POSI,CAREER_STATE,UPDATED_AT,ENTERED_AT,CREATED_AT) values (1,30,'Front-End CTO',0,to_date('20/12/27','RR/MM/DD'),to_date('21/01/02','RR/MM/DD'),to_date('21/01/03','RR/MM/DD'));
Insert into NUKACOLA.CAREERS (USER_NO,COMP_NO,CAREER_POSI,CAREER_STATE,UPDATED_AT,ENTERED_AT,CREATED_AT) values (2045,77,'망태할배',0,to_date('21/01/09','RR/MM/DD'),to_date('21/01/09','RR/MM/DD'),to_date('21/01/09','RR/MM/DD'));
Insert into NUKACOLA.CAREERS (USER_NO,COMP_NO,CAREER_POSI,CAREER_STATE,UPDATED_AT,ENTERED_AT,CREATED_AT) values (30,30,'front-end',0,to_date('20/12/27','RR/MM/DD'),to_date('20/12/27','RR/MM/DD'),to_date('20/12/27','RR/MM/DD'));
Insert into NUKACOLA.CAREERS (USER_NO,COMP_NO,CAREER_POSI,CAREER_STATE,UPDATED_AT,ENTERED_AT,CREATED_AT) values (38,77,'후참',0,to_date('21/01/09','RR/MM/DD'),to_date('21/01/09','RR/MM/DD'),to_date('21/01/09','RR/MM/DD'));
Insert into NUKACOLA.CAREERS (USER_NO,COMP_NO,CAREER_POSI,CAREER_STATE,UPDATED_AT,ENTERED_AT,CREATED_AT) values (2028,77,'망태할배',0,to_date('21/01/09','RR/MM/DD'),to_date('21/01/09','RR/MM/DD'),to_date('21/01/09','RR/MM/DD'));
Insert into NUKACOLA.CAREERS (USER_NO,COMP_NO,CAREER_POSI,CAREER_STATE,UPDATED_AT,ENTERED_AT,CREATED_AT) values (11,77,'망태할배',0,to_date('21/01/09','RR/MM/DD'),to_date('21/01/09','RR/MM/DD'),to_date('21/01/09','RR/MM/DD'));
REM INSERTING into NUKACOLA.CHATROOMS
SET DEFINE OFF;
Insert into NUKACOLA.CHATROOMS (CHATROOM_NO,CREATED_AT,USER_ONE,USER_TWO) values (2053,to_date('21/01/09','RR/MM/DD'),1,2);
Insert into NUKACOLA.CHATROOMS (CHATROOM_NO,CREATED_AT,USER_ONE,USER_TWO) values (2054,to_date('21/01/09','RR/MM/DD'),1,3);
Insert into NUKACOLA.CHATROOMS (CHATROOM_NO,CREATED_AT,USER_ONE,USER_TWO) values (2055,to_date('21/01/10','RR/MM/DD'),1,2034);
Insert into NUKACOLA.CHATROOMS (CHATROOM_NO,CREATED_AT,USER_ONE,USER_TWO) values (2057,to_date('21/01/11','RR/MM/DD'),1,2047);
Insert into NUKACOLA.CHATROOMS (CHATROOM_NO,CREATED_AT,USER_ONE,USER_TWO) values (2056,to_date('21/01/10','RR/MM/DD'),1,2023);
Insert into NUKACOLA.CHATROOMS (CHATROOM_NO,CREATED_AT,USER_ONE,USER_TWO) values (2049,to_date('21/01/09','RR/MM/DD'),30,1);
Insert into NUKACOLA.CHATROOMS (CHATROOM_NO,CREATED_AT,USER_ONE,USER_TWO) values (2050,to_date('21/01/09','RR/MM/DD'),1,2029);
Insert into NUKACOLA.CHATROOMS (CHATROOM_NO,CREATED_AT,USER_ONE,USER_TWO) values (2051,to_date('21/01/09','RR/MM/DD'),1,37);
Insert into NUKACOLA.CHATROOMS (CHATROOM_NO,CREATED_AT,USER_ONE,USER_TWO) values (2052,to_date('21/01/09','RR/MM/DD'),2044,1);
REM INSERTING into NUKACOLA.COMMENTS
SET DEFINE OFF;
Insert into NUKACOLA.COMMENTS (COMMENT_NO,COMMENT_CONTENT,USER_NO,POST_NO,CREATED_AT,UPDATED_AT) values (2021,'ghj',1,2023,to_date('21/01/03','RR/MM/DD'),to_date('21/01/03','RR/MM/DD'));
Insert into NUKACOLA.COMMENTS (COMMENT_NO,COMMENT_CONTENT,USER_NO,POST_NO,CREATED_AT,UPDATED_AT) values (2022,'ghj',1,2023,to_date('21/01/03','RR/MM/DD'),to_date('21/01/03','RR/MM/DD'));
Insert into NUKACOLA.COMMENTS (COMMENT_NO,COMMENT_CONTENT,USER_NO,POST_NO,CREATED_AT,UPDATED_AT) values (2023,'ghj',1,2023,to_date('21/01/03','RR/MM/DD'),to_date('21/01/03','RR/MM/DD'));
Insert into NUKACOLA.COMMENTS (COMMENT_NO,COMMENT_CONTENT,USER_NO,POST_NO,CREATED_AT,UPDATED_AT) values (2024,'66',1,2025,to_date('21/01/03','RR/MM/DD'),to_date('21/01/03','RR/MM/DD'));
Insert into NUKACOLA.COMMENTS (COMMENT_NO,COMMENT_CONTENT,USER_NO,POST_NO,CREATED_AT,UPDATED_AT) values (2025,'66',1,2025,to_date('21/01/03','RR/MM/DD'),to_date('21/01/03','RR/MM/DD'));
Insert into NUKACOLA.COMMENTS (COMMENT_NO,COMMENT_CONTENT,USER_NO,POST_NO,CREATED_AT,UPDATED_AT) values (2026,'66',1,2025,to_date('21/01/03','RR/MM/DD'),to_date('21/01/03','RR/MM/DD'));
Insert into NUKACOLA.COMMENTS (COMMENT_NO,COMMENT_CONTENT,USER_NO,POST_NO,CREATED_AT,UPDATED_AT) values (2027,'234',1,2025,to_date('21/01/03','RR/MM/DD'),to_date('21/01/03','RR/MM/DD'));
Insert into NUKACOLA.COMMENTS (COMMENT_NO,COMMENT_CONTENT,USER_NO,POST_NO,CREATED_AT,UPDATED_AT) values (2043,'ㅁㅁㅁㅁㅁㅁㅁㅁㅁㅁㅁ',2035,2033,to_date('21/01/08','RR/MM/DD'),to_date('21/01/08','RR/MM/DD'));
Insert into NUKACOLA.COMMENTS (COMMENT_NO,COMMENT_CONTENT,USER_NO,POST_NO,CREATED_AT,UPDATED_AT) values (2051,'밥 드세요',35,2049,to_date('21/01/09','RR/MM/DD'),to_date('21/01/09','RR/MM/DD'));
Insert into NUKACOLA.COMMENTS (COMMENT_NO,COMMENT_CONTENT,USER_NO,POST_NO,CREATED_AT,UPDATED_AT) values (2048,'ㅋㅋㅋㅋㅋㅋ',1,2043,to_date('21/01/09','RR/MM/DD'),to_date('21/01/09','RR/MM/DD'));
Insert into NUKACOLA.COMMENTS (COMMENT_NO,COMMENT_CONTENT,USER_NO,POST_NO,CREATED_AT,UPDATED_AT) values (2049,'ㅇㅇㅇ',1,2042,to_date('21/01/09','RR/MM/DD'),to_date('21/01/09','RR/MM/DD'));
Insert into NUKACOLA.COMMENTS (COMMENT_NO,COMMENT_CONTENT,USER_NO,POST_NO,CREATED_AT,UPDATED_AT) values (2050,'나는 피자붕어빵이 좋던데',1,2048,to_date('21/01/09','RR/MM/DD'),to_date('21/01/09','RR/MM/DD'));
Insert into NUKACOLA.COMMENTS (COMMENT_NO,COMMENT_CONTENT,USER_NO,POST_NO,CREATED_AT,UPDATED_AT) values (2052,'난 못 봣는데',37,2048,to_date('21/01/09','RR/MM/DD'),to_date('21/01/09','RR/MM/DD'));
Insert into NUKACOLA.COMMENTS (COMMENT_NO,COMMENT_CONTENT,USER_NO,POST_NO,CREATED_AT,UPDATED_AT) values (2058,'나도 모르겠어요...',1,2051,to_date('21/01/11','RR/MM/DD'),to_date('21/01/11','RR/MM/DD'));
Insert into NUKACOLA.COMMENTS (COMMENT_NO,COMMENT_CONTENT,USER_NO,POST_NO,CREATED_AT,UPDATED_AT) values (2053,'ㅋㅋㅋㅋㅋ 좋네요',1,2049,to_date('21/01/09','RR/MM/DD'),to_date('21/01/09','RR/MM/DD'));
Insert into NUKACOLA.COMMENTS (COMMENT_NO,COMMENT_CONTENT,USER_NO,POST_NO,CREATED_AT,UPDATED_AT) values (42,'52525252',39,17,to_date('20/12/20','RR/MM/DD'),to_date('20/12/20','RR/MM/DD'));
Insert into NUKACOLA.COMMENTS (COMMENT_NO,COMMENT_CONTENT,USER_NO,POST_NO,CREATED_AT,UPDATED_AT) values (43,'66666666666',39,17,to_date('20/12/20','RR/MM/DD'),to_date('20/12/20','RR/MM/DD'));
Insert into NUKACOLA.COMMENTS (COMMENT_NO,COMMENT_CONTENT,USER_NO,POST_NO,CREATED_AT,UPDATED_AT) values (55,'ㅋㅋ',12,15,to_date('20/12/26','RR/MM/DD'),to_date('20/12/26','RR/MM/DD'));
Insert into NUKACOLA.COMMENTS (COMMENT_NO,COMMENT_CONTENT,USER_NO,POST_NO,CREATED_AT,UPDATED_AT) values (56,'ㅋㅋ',12,15,to_date('20/12/26','RR/MM/DD'),to_date('20/12/26','RR/MM/DD'));
Insert into NUKACOLA.COMMENTS (COMMENT_NO,COMMENT_CONTENT,USER_NO,POST_NO,CREATED_AT,UPDATED_AT) values (57,'ㅋㅋ',12,15,to_date('20/12/26','RR/MM/DD'),to_date('20/12/26','RR/MM/DD'));
Insert into NUKACOLA.COMMENTS (COMMENT_NO,COMMENT_CONTENT,USER_NO,POST_NO,CREATED_AT,UPDATED_AT) values (58,'ㅋㅋ',12,15,to_date('20/12/26','RR/MM/DD'),to_date('20/12/26','RR/MM/DD'));
Insert into NUKACOLA.COMMENTS (COMMENT_NO,COMMENT_CONTENT,USER_NO,POST_NO,CREATED_AT,UPDATED_AT) values (59,'ㅋㅋ',12,15,to_date('20/12/26','RR/MM/DD'),to_date('20/12/26','RR/MM/DD'));
Insert into NUKACOLA.COMMENTS (COMMENT_NO,COMMENT_CONTENT,USER_NO,POST_NO,CREATED_AT,UPDATED_AT) values (60,'ㅋㅋ',12,15,to_date('20/12/26','RR/MM/DD'),to_date('20/12/26','RR/MM/DD'));
Insert into NUKACOLA.COMMENTS (COMMENT_NO,COMMENT_CONTENT,USER_NO,POST_NO,CREATED_AT,UPDATED_AT) values (61,'ㅇㅇ',12,15,to_date('20/12/26','RR/MM/DD'),to_date('20/12/26','RR/MM/DD'));
Insert into NUKACOLA.COMMENTS (COMMENT_NO,COMMENT_CONTENT,USER_NO,POST_NO,CREATED_AT,UPDATED_AT) values (62,'ㅇㅇ',12,15,to_date('20/12/26','RR/MM/DD'),to_date('20/12/26','RR/MM/DD'));
Insert into NUKACOLA.COMMENTS (COMMENT_NO,COMMENT_CONTENT,USER_NO,POST_NO,CREATED_AT,UPDATED_AT) values (63,'ㅇㅇ',12,15,to_date('20/12/26','RR/MM/DD'),to_date('20/12/26','RR/MM/DD'));
Insert into NUKACOLA.COMMENTS (COMMENT_NO,COMMENT_CONTENT,USER_NO,POST_NO,CREATED_AT,UPDATED_AT) values (7,'yhghyhg',33,11,to_date('20/12/18','RR/MM/DD'),to_date('20/12/18','RR/MM/DD'));
Insert into NUKACOLA.COMMENTS (COMMENT_NO,COMMENT_CONTENT,USER_NO,POST_NO,CREATED_AT,UPDATED_AT) values (8,'yhghyhggyhgyhgyh',33,11,to_date('20/12/18','RR/MM/DD'),to_date('20/12/18','RR/MM/DD'));
Insert into NUKACOLA.COMMENTS (COMMENT_NO,COMMENT_CONTENT,USER_NO,POST_NO,CREATED_AT,UPDATED_AT) values (9,'yhghyhggyhgyhgyhgyhghy',33,11,to_date('20/12/18','RR/MM/DD'),to_date('20/12/18','RR/MM/DD'));
Insert into NUKACOLA.COMMENTS (COMMENT_NO,COMMENT_CONTENT,USER_NO,POST_NO,CREATED_AT,UPDATED_AT) values (10,'3123123',33,10,to_date('20/12/18','RR/MM/DD'),to_date('20/12/18','RR/MM/DD'));
Insert into NUKACOLA.COMMENTS (COMMENT_NO,COMMENT_CONTENT,USER_NO,POST_NO,CREATED_AT,UPDATED_AT) values (11,'4',33,8,to_date('20/12/18','RR/MM/DD'),to_date('20/12/18','RR/MM/DD'));
Insert into NUKACOLA.COMMENTS (COMMENT_NO,COMMENT_CONTENT,USER_NO,POST_NO,CREATED_AT,UPDATED_AT) values (12,'yhghyhggyhgyhgyhgyhghy23',33,11,to_date('20/12/18','RR/MM/DD'),to_date('20/12/18','RR/MM/DD'));
Insert into NUKACOLA.COMMENTS (COMMENT_NO,COMMENT_CONTENT,USER_NO,POST_NO,CREATED_AT,UPDATED_AT) values (13,'123123',33,11,to_date('20/12/18','RR/MM/DD'),to_date('20/12/18','RR/MM/DD'));
Insert into NUKACOLA.COMMENTS (COMMENT_NO,COMMENT_CONTENT,USER_NO,POST_NO,CREATED_AT,UPDATED_AT) values (14,'55',33,10,to_date('20/12/18','RR/MM/DD'),to_date('20/12/18','RR/MM/DD'));
Insert into NUKACOLA.COMMENTS (COMMENT_NO,COMMENT_CONTENT,USER_NO,POST_NO,CREATED_AT,UPDATED_AT) values (15,'123123',33,11,to_date('20/12/18','RR/MM/DD'),to_date('20/12/18','RR/MM/DD'));
Insert into NUKACOLA.COMMENTS (COMMENT_NO,COMMENT_CONTENT,USER_NO,POST_NO,CREATED_AT,UPDATED_AT) values (16,'aasdasdasd',33,10,to_date('20/12/18','RR/MM/DD'),to_date('20/12/18','RR/MM/DD'));
Insert into NUKACOLA.COMMENTS (COMMENT_NO,COMMENT_CONTENT,USER_NO,POST_NO,CREATED_AT,UPDATED_AT) values (17,'가나다',33,10,to_date('20/12/18','RR/MM/DD'),to_date('20/12/18','RR/MM/DD'));
Insert into NUKACOLA.COMMENTS (COMMENT_NO,COMMENT_CONTENT,USER_NO,POST_NO,CREATED_AT,UPDATED_AT) values (46,'66666',33,20,to_date('20/12/21','RR/MM/DD'),to_date('20/12/21','RR/MM/DD'));
Insert into NUKACOLA.COMMENTS (COMMENT_NO,COMMENT_CONTENT,USER_NO,POST_NO,CREATED_AT,UPDATED_AT) values (6,'234234',33,10,to_date('20/12/18','RR/MM/DD'),to_date('20/12/18','RR/MM/DD'));
Insert into NUKACOLA.COMMENTS (COMMENT_NO,COMMENT_CONTENT,USER_NO,POST_NO,CREATED_AT,UPDATED_AT) values (18,'123123',33,9,to_date('20/12/19','RR/MM/DD'),to_date('20/12/19','RR/MM/DD'));
Insert into NUKACOLA.COMMENTS (COMMENT_NO,COMMENT_CONTENT,USER_NO,POST_NO,CREATED_AT,UPDATED_AT) values (19,'gasgasgasgasgasg',33,7,to_date('20/12/19','RR/MM/DD'),to_date('20/12/19','RR/MM/DD'));
Insert into NUKACOLA.COMMENTS (COMMENT_NO,COMMENT_CONTENT,USER_NO,POST_NO,CREATED_AT,UPDATED_AT) values (20,'몰라',33,7,to_date('20/12/19','RR/MM/DD'),to_date('20/12/19','RR/MM/DD'));
Insert into NUKACOLA.COMMENTS (COMMENT_NO,COMMENT_CONTENT,USER_NO,POST_NO,CREATED_AT,UPDATED_AT) values (21,'424124',33,12,to_date('20/12/19','RR/MM/DD'),to_date('20/12/19','RR/MM/DD'));
Insert into NUKACOLA.COMMENTS (COMMENT_NO,COMMENT_CONTENT,USER_NO,POST_NO,CREATED_AT,UPDATED_AT) values (22,'111111',33,12,to_date('20/12/19','RR/MM/DD'),to_date('20/12/19','RR/MM/DD'));
Insert into NUKACOLA.COMMENTS (COMMENT_NO,COMMENT_CONTENT,USER_NO,POST_NO,CREATED_AT,UPDATED_AT) values (23,'432',33,11,to_date('20/12/19','RR/MM/DD'),to_date('20/12/19','RR/MM/DD'));
Insert into NUKACOLA.COMMENTS (COMMENT_NO,COMMENT_CONTENT,USER_NO,POST_NO,CREATED_AT,UPDATED_AT) values (24,'14124124',33,12,to_date('20/12/19','RR/MM/DD'),to_date('20/12/19','RR/MM/DD'));
Insert into NUKACOLA.COMMENTS (COMMENT_NO,COMMENT_CONTENT,USER_NO,POST_NO,CREATED_AT,UPDATED_AT) values (25,'14124124124124',33,12,to_date('20/12/19','RR/MM/DD'),to_date('20/12/19','RR/MM/DD'));
Insert into NUKACOLA.COMMENTS (COMMENT_NO,COMMENT_CONTENT,USER_NO,POST_NO,CREATED_AT,UPDATED_AT) values (26,'123123123',33,12,to_date('20/12/19','RR/MM/DD'),to_date('20/12/19','RR/MM/DD'));
Insert into NUKACOLA.COMMENTS (COMMENT_NO,COMMENT_CONTENT,USER_NO,POST_NO,CREATED_AT,UPDATED_AT) values (27,'ㄴㅇㄹ',33,10,to_date('20/12/19','RR/MM/DD'),to_date('20/12/19','RR/MM/DD'));
Insert into NUKACOLA.COMMENTS (COMMENT_NO,COMMENT_CONTENT,USER_NO,POST_NO,CREATED_AT,UPDATED_AT) values (28,'4444',33,12,to_date('20/12/19','RR/MM/DD'),to_date('20/12/19','RR/MM/DD'));
Insert into NUKACOLA.COMMENTS (COMMENT_NO,COMMENT_CONTENT,USER_NO,POST_NO,CREATED_AT,UPDATED_AT) values (29,'44445555',33,12,to_date('20/12/19','RR/MM/DD'),to_date('20/12/19','RR/MM/DD'));
Insert into NUKACOLA.COMMENTS (COMMENT_NO,COMMENT_CONTENT,USER_NO,POST_NO,CREATED_AT,UPDATED_AT) values (30,'6666',33,12,to_date('20/12/19','RR/MM/DD'),to_date('20/12/19','RR/MM/DD'));
Insert into NUKACOLA.COMMENTS (COMMENT_NO,COMMENT_CONTENT,USER_NO,POST_NO,CREATED_AT,UPDATED_AT) values (31,'123123',33,7,to_date('20/12/19','RR/MM/DD'),to_date('20/12/19','RR/MM/DD'));
Insert into NUKACOLA.COMMENTS (COMMENT_NO,COMMENT_CONTENT,USER_NO,POST_NO,CREATED_AT,UPDATED_AT) values (32,'123123',33,7,to_date('20/12/19','RR/MM/DD'),to_date('20/12/19','RR/MM/DD'));
Insert into NUKACOLA.COMMENTS (COMMENT_NO,COMMENT_CONTENT,USER_NO,POST_NO,CREATED_AT,UPDATED_AT) values (33,'123123',33,7,to_date('20/12/19','RR/MM/DD'),to_date('20/12/19','RR/MM/DD'));
Insert into NUKACOLA.COMMENTS (COMMENT_NO,COMMENT_CONTENT,USER_NO,POST_NO,CREATED_AT,UPDATED_AT) values (34,'555',33,16,to_date('20/12/19','RR/MM/DD'),to_date('20/12/19','RR/MM/DD'));
Insert into NUKACOLA.COMMENTS (COMMENT_NO,COMMENT_CONTENT,USER_NO,POST_NO,CREATED_AT,UPDATED_AT) values (35,'4444',33,17,to_date('20/12/19','RR/MM/DD'),to_date('20/12/19','RR/MM/DD'));
Insert into NUKACOLA.COMMENTS (COMMENT_NO,COMMENT_CONTENT,USER_NO,POST_NO,CREATED_AT,UPDATED_AT) values (36,'123',33,17,to_date('20/12/19','RR/MM/DD'),to_date('20/12/19','RR/MM/DD'));
Insert into NUKACOLA.COMMENTS (COMMENT_NO,COMMENT_CONTENT,USER_NO,POST_NO,CREATED_AT,UPDATED_AT) values (37,'124124',33,17,to_date('20/12/19','RR/MM/DD'),to_date('20/12/19','RR/MM/DD'));
Insert into NUKACOLA.COMMENTS (COMMENT_NO,COMMENT_CONTENT,USER_NO,POST_NO,CREATED_AT,UPDATED_AT) values (38,'1',33,17,to_date('20/12/19','RR/MM/DD'),to_date('20/12/19','RR/MM/DD'));
Insert into NUKACOLA.COMMENTS (COMMENT_NO,COMMENT_CONTENT,USER_NO,POST_NO,CREATED_AT,UPDATED_AT) values (39,'55',33,12,to_date('20/12/19','RR/MM/DD'),to_date('20/12/19','RR/MM/DD'));
Insert into NUKACOLA.COMMENTS (COMMENT_NO,COMMENT_CONTENT,USER_NO,POST_NO,CREATED_AT,UPDATED_AT) values (40,'4444444444',33,15,to_date('20/12/19','RR/MM/DD'),to_date('20/12/19','RR/MM/DD'));
Insert into NUKACOLA.COMMENTS (COMMENT_NO,COMMENT_CONTENT,USER_NO,POST_NO,CREATED_AT,UPDATED_AT) values (41,'111111111111',33,12,to_date('20/12/19','RR/MM/DD'),to_date('20/12/19','RR/MM/DD'));
Insert into NUKACOLA.COMMENTS (COMMENT_NO,COMMENT_CONTENT,USER_NO,POST_NO,CREATED_AT,UPDATED_AT) values (48,'asdasd',1,26,to_date('20/12/23','RR/MM/DD'),to_date('20/12/23','RR/MM/DD'));
Insert into NUKACOLA.COMMENTS (COMMENT_NO,COMMENT_CONTENT,USER_NO,POST_NO,CREATED_AT,UPDATED_AT) values (49,'ㅁㄴㅇㅁㄴㅇ',1,26,to_date('20/12/23','RR/MM/DD'),to_date('20/12/23','RR/MM/DD'));
Insert into NUKACOLA.COMMENTS (COMMENT_NO,COMMENT_CONTENT,USER_NO,POST_NO,CREATED_AT,UPDATED_AT) values (50,'축하드립니다',1,26,to_date('20/12/23','RR/MM/DD'),to_date('20/12/23','RR/MM/DD'));
Insert into NUKACOLA.COMMENTS (COMMENT_NO,COMMENT_CONTENT,USER_NO,POST_NO,CREATED_AT,UPDATED_AT) values (51,'?',1,26,to_date('20/12/23','RR/MM/DD'),to_date('20/12/23','RR/MM/DD'));
Insert into NUKACOLA.COMMENTS (COMMENT_NO,COMMENT_CONTENT,USER_NO,POST_NO,CREATED_AT,UPDATED_AT) values (44,'444',33,18,to_date('20/12/21','RR/MM/DD'),to_date('20/12/21','RR/MM/DD'));
Insert into NUKACOLA.COMMENTS (COMMENT_NO,COMMENT_CONTENT,USER_NO,POST_NO,CREATED_AT,UPDATED_AT) values (45,'124124',33,17,to_date('20/12/21','RR/MM/DD'),to_date('20/12/21','RR/MM/DD'));
Insert into NUKACOLA.COMMENTS (COMMENT_NO,COMMENT_CONTENT,USER_NO,POST_NO,CREATED_AT,UPDATED_AT) values (47,'??',12,26,to_date('20/12/23','RR/MM/DD'),to_date('20/12/23','RR/MM/DD'));
Insert into NUKACOLA.COMMENTS (COMMENT_NO,COMMENT_CONTENT,USER_NO,POST_NO,CREATED_AT,UPDATED_AT) values (52,'이벤트에 당첨되셨습니다. 상품의 배송을 위해 주소가 필요합니다 어디사세요?',30,26,to_date('20/12/23','RR/MM/DD'),to_date('20/12/23','RR/MM/DD'));
Insert into NUKACOLA.COMMENTS (COMMENT_NO,COMMENT_CONTENT,USER_NO,POST_NO,CREATED_AT,UPDATED_AT) values (53,'이벤트에 당첨되셨습니다. 상품의 배송을 위해 주소가 필요합니다 어디사세요?',30,26,to_date('20/12/23','RR/MM/DD'),to_date('20/12/23','RR/MM/DD'));
Insert into NUKACOLA.COMMENTS (COMMENT_NO,COMMENT_CONTENT,USER_NO,POST_NO,CREATED_AT,UPDATED_AT) values (54,'이벤트에 당첨되셨습니다. 상품의 배송을 위해 주소가 필요합니다 어디사세요?',30,26,to_date('20/12/23','RR/MM/DD'),to_date('20/12/23','RR/MM/DD'));
Insert into NUKACOLA.COMMENTS (COMMENT_NO,COMMENT_CONTENT,USER_NO,POST_NO,CREATED_AT,UPDATED_AT) values (1,'asdasdasdasda',33,5,to_date('20/12/16','RR/MM/DD'),to_date('20/12/16','RR/MM/DD'));
Insert into NUKACOLA.COMMENTS (COMMENT_NO,COMMENT_CONTENT,USER_NO,POST_NO,CREATED_AT,UPDATED_AT) values (2,'asdasdasdasd333a',33,5,to_date('20/12/16','RR/MM/DD'),to_date('20/12/16','RR/MM/DD'));
Insert into NUKACOLA.COMMENTS (COMMENT_NO,COMMENT_CONTENT,USER_NO,POST_NO,CREATED_AT,UPDATED_AT) values (3,'asdasdasdasd333a',33,6,to_date('20/12/16','RR/MM/DD'),to_date('20/12/16','RR/MM/DD'));
Insert into NUKACOLA.COMMENTS (COMMENT_NO,COMMENT_CONTENT,USER_NO,POST_NO,CREATED_AT,UPDATED_AT) values (4,'asdasdasdasd333a',33,6,to_date('20/12/16','RR/MM/DD'),to_date('20/12/16','RR/MM/DD'));
Insert into NUKACOLA.COMMENTS (COMMENT_NO,COMMENT_CONTENT,USER_NO,POST_NO,CREATED_AT,UPDATED_AT) values (5,'asdasdasdasd333a',33,7,to_date('20/12/16','RR/MM/DD'),to_date('20/12/16','RR/MM/DD'));
Insert into NUKACOLA.COMMENTS (COMMENT_NO,COMMENT_CONTENT,USER_NO,POST_NO,CREATED_AT,UPDATED_AT) values (2028,'역시 원근 선생님입니다.',37,1,to_date('21/01/08','RR/MM/DD'),to_date('21/01/08','RR/MM/DD'));
Insert into NUKACOLA.COMMENTS (COMMENT_NO,COMMENT_CONTENT,USER_NO,POST_NO,CREATED_AT,UPDATED_AT) values (2029,'역시 원근 선생님입니다.',37,1,to_date('21/01/08','RR/MM/DD'),to_date('21/01/08','RR/MM/DD'));
Insert into NUKACOLA.COMMENTS (COMMENT_NO,COMMENT_CONTENT,USER_NO,POST_NO,CREATED_AT,UPDATED_AT) values (2030,'역시 원근 선생님입니다.',37,1,to_date('21/01/08','RR/MM/DD'),to_date('21/01/08','RR/MM/DD'));
Insert into NUKACOLA.COMMENTS (COMMENT_NO,COMMENT_CONTENT,USER_NO,POST_NO,CREATED_AT,UPDATED_AT) values (2031,'역시 원근 선생님입니다.',37,1,to_date('21/01/08','RR/MM/DD'),to_date('21/01/08','RR/MM/DD'));
Insert into NUKACOLA.COMMENTS (COMMENT_NO,COMMENT_CONTENT,USER_NO,POST_NO,CREATED_AT,UPDATED_AT) values (2032,'역시 원근 선생님입니다.',37,1,to_date('21/01/08','RR/MM/DD'),to_date('21/01/08','RR/MM/DD'));
Insert into NUKACOLA.COMMENTS (COMMENT_NO,COMMENT_CONTENT,USER_NO,POST_NO,CREATED_AT,UPDATED_AT) values (2033,'아니 이게 무슨일?',37,1,to_date('21/01/08','RR/MM/DD'),to_date('21/01/08','RR/MM/DD'));
Insert into NUKACOLA.COMMENTS (COMMENT_NO,COMMENT_CONTENT,USER_NO,POST_NO,CREATED_AT,UPDATED_AT) values (2034,'아니 이게 무슨일?',37,1,to_date('21/01/08','RR/MM/DD'),to_date('21/01/08','RR/MM/DD'));
Insert into NUKACOLA.COMMENTS (COMMENT_NO,COMMENT_CONTENT,USER_NO,POST_NO,CREATED_AT,UPDATED_AT) values (2035,'아니 이게 무슨일?',37,1,to_date('21/01/08','RR/MM/DD'),to_date('21/01/08','RR/MM/DD'));
Insert into NUKACOLA.COMMENTS (COMMENT_NO,COMMENT_CONTENT,USER_NO,POST_NO,CREATED_AT,UPDATED_AT) values (2036,'아니 이게 무슨일?',37,1,to_date('21/01/08','RR/MM/DD'),to_date('21/01/08','RR/MM/DD'));
Insert into NUKACOLA.COMMENTS (COMMENT_NO,COMMENT_CONTENT,USER_NO,POST_NO,CREATED_AT,UPDATED_AT) values (2037,'아니 이게 무슨일?',37,1,to_date('21/01/08','RR/MM/DD'),to_date('21/01/08','RR/MM/DD'));
Insert into NUKACOLA.COMMENTS (COMMENT_NO,COMMENT_CONTENT,USER_NO,POST_NO,CREATED_AT,UPDATED_AT) values (2038,'아니 이게 무슨일?',37,1,to_date('21/01/08','RR/MM/DD'),to_date('21/01/08','RR/MM/DD'));
Insert into NUKACOLA.COMMENTS (COMMENT_NO,COMMENT_CONTENT,USER_NO,POST_NO,CREATED_AT,UPDATED_AT) values (2039,'아니 이게 무슨일?',37,1,to_date('21/01/08','RR/MM/DD'),to_date('21/01/08','RR/MM/DD'));
Insert into NUKACOLA.COMMENTS (COMMENT_NO,COMMENT_CONTENT,USER_NO,POST_NO,CREATED_AT,UPDATED_AT) values (2044,'ㅇㅇㅇㅇㅇ',35,2043,to_date('21/01/08','RR/MM/DD'),to_date('21/01/08','RR/MM/DD'));
Insert into NUKACOLA.COMMENTS (COMMENT_NO,COMMENT_CONTENT,USER_NO,POST_NO,CREATED_AT,UPDATED_AT) values (2045,'44444',35,2043,to_date('21/01/08','RR/MM/DD'),to_date('21/01/08','RR/MM/DD'));
Insert into NUKACOLA.COMMENTS (COMMENT_NO,COMMENT_CONTENT,USER_NO,POST_NO,CREATED_AT,UPDATED_AT) values (2046,'ㅋㅋㅋㅋㅋ',35,2043,to_date('21/01/08','RR/MM/DD'),to_date('21/01/08','RR/MM/DD'));
Insert into NUKACOLA.COMMENTS (COMMENT_NO,COMMENT_CONTENT,USER_NO,POST_NO,CREATED_AT,UPDATED_AT) values (2055,'감사합니다!',2047,2054,to_date('21/01/11','RR/MM/DD'),to_date('21/01/11','RR/MM/DD'));
Insert into NUKACOLA.COMMENTS (COMMENT_NO,COMMENT_CONTENT,USER_NO,POST_NO,CREATED_AT,UPDATED_AT) values (2056,'감사합니다!',37,2055,to_date('21/01/11','RR/MM/DD'),to_date('21/01/11','RR/MM/DD'));
REM INSERTING into NUKACOLA.COMPANYS
SET DEFINE OFF;
Insert into NUKACOLA.COMPANYS (COMP_NO,COMP_NAME,COMP_INFO,COMP_EMAIL,COMP_ADDRESS,COMP_LOGO,COMP_HEADCOUNT,COMP_BIRTH,CREATED_AT,UPDATED_AT,USER_NO,COMP_PM) values (95,'5시8분 테스트','떼스트','dkssud@naver.com','서울','resources/assets/2020122705092394611.jpg','11~100명','2202-02-11',to_date('20/12/26','RR/MM/DD'),to_date('20/12/26','RR/MM/DD'),12,12);
Insert into NUKACOLA.COMPANYS (COMP_NO,COMP_NAME,COMP_INFO,COMP_EMAIL,COMP_ADDRESS,COMP_LOGO,COMP_HEADCOUNT,COMP_BIRTH,CREATED_AT,UPDATED_AT,USER_NO,COMP_PM) values (94,'5시8분 테스트','떼스트','dkssud@naver.com','서울','resources/assets/2020122705085493220.jpg','11~100명','2202-02-11',to_date('20/12/26','RR/MM/DD'),to_date('20/12/26','RR/MM/DD'),12,12);
Insert into NUKACOLA.COMPANYS (COMP_NO,COMP_NAME,COMP_INFO,COMP_EMAIL,COMP_ADDRESS,COMP_LOGO,COMP_HEADCOUNT,COMP_BIRTH,CREATED_AT,UPDATED_AT,USER_NO,COMP_PM) values (2021,'디비바꾸고테스트','Test','dkssud@naver.com','서울','resources/assets/2020123100591899856.jpg','11~100명','2022-01-01',to_date('20/12/30','RR/MM/DD'),to_date('20/12/30','RR/MM/DD'),12,12);
Insert into NUKACOLA.COMPANYS (COMP_NO,COMP_NAME,COMP_INFO,COMP_EMAIL,COMP_ADDRESS,COMP_LOGO,COMP_HEADCOUNT,COMP_BIRTH,CREATED_AT,UPDATED_AT,USER_NO,COMP_PM) values (2022,'디비바꾸고테스트','Test','dkssud@naver.com','서울','resources/assets/2020123101012983345.jpg','11~100명','2022-01-01',to_date('20/12/30','RR/MM/DD'),to_date('20/12/30','RR/MM/DD'),12,12);
Insert into NUKACOLA.COMPANYS (COMP_NO,COMP_NAME,COMP_INFO,COMP_EMAIL,COMP_ADDRESS,COMP_LOGO,COMP_HEADCOUNT,COMP_BIRTH,CREATED_AT,UPDATED_AT,USER_NO,COMP_PM) values (2026,'월급루팡','밤새 테스트 코딩합니다.','hooyuki123@gmail.com','(13536) 경기 성남시 분당구 판교역로2번길 1 2001호  (백현동)','resources/assets/2021011117251720897.png','1~10명','2020-12-25',to_date('21/01/11','RR/MM/DD'),to_date('21/01/11','RR/MM/DD'),2047,2047);
Insert into NUKACOLA.COMPANYS (COMP_NO,COMP_NAME,COMP_INFO,COMP_EMAIL,COMP_ADDRESS,COMP_LOGO,COMP_HEADCOUNT,COMP_BIRTH,CREATED_AT,UPDATED_AT,USER_NO,COMP_PM) values (2025,'ㄴㄴㄴㄴㄴㄴㄴ','ㅇㅇㅇㅇㅇㅇㅇㅇㅇㅇㅇㅇㅇ','dkssud@naver.com','(46031) 부산 기장군 장안읍 판곡길 2 ㅇ ㅇ',null,'11~100명','2011-01-01',to_date('21/01/05','RR/MM/DD'),to_date('21/01/05','RR/MM/DD'),12,12);
Insert into NUKACOLA.COMPANYS (COMP_NO,COMP_NAME,COMP_INFO,COMP_EMAIL,COMP_ADDRESS,COMP_LOGO,COMP_HEADCOUNT,COMP_BIRTH,CREATED_AT,UPDATED_AT,USER_NO,COMP_PM) values (81,'Steam','게임들을 판매하고있습니다. 사이버펑크 2077하실?','hooyuki123@gmail.com','(08810) 서울 관악구 과천대로 851 1102호  (남현동, 한울아파트)','(null)','1001~5000명','2020-12-25',to_date('20/12/24','RR/MM/DD'),to_date('20/12/24','RR/MM/DD'),37,37);
Insert into NUKACOLA.COMPANYS (COMP_NO,COMP_NAME,COMP_INFO,COMP_EMAIL,COMP_ADDRESS,COMP_LOGO,COMP_HEADCOUNT,COMP_BIRTH,CREATED_AT,UPDATED_AT,USER_NO,COMP_PM) values (1,'삼송','삼송입니다.','apple@gmail.com','강남구','resources/assets/avatar.png','1~10명','2020-02-12',to_date('20/12/17','RR/MM/DD'),to_date('20/12/17','RR/MM/DD'),3,1);
Insert into NUKACOLA.COMPANYS (COMP_NO,COMP_NAME,COMP_INFO,COMP_EMAIL,COMP_ADDRESS,COMP_LOGO,COMP_HEADCOUNT,COMP_BIRTH,CREATED_AT,UPDATED_AT,USER_NO,COMP_PM) values (24,'회사2','안녕하세요2','ghltk2@gmail.com','서울시 성북구',null,'11~100명','09/10/1980',to_date('20/12/23','RR/MM/DD'),to_date('20/12/23','RR/MM/DD'),12,12);
Insert into NUKACOLA.COMPANYS (COMP_NO,COMP_NAME,COMP_INFO,COMP_EMAIL,COMP_ADDRESS,COMP_LOGO,COMP_HEADCOUNT,COMP_BIRTH,CREATED_AT,UPDATED_AT,USER_NO,COMP_PM) values (23,'회사1','안녕하세요1','ghltk1@gmail.com','서울시 강남구',null,'1~10명','09/09/1980',to_date('20/12/23','RR/MM/DD'),to_date('20/12/23','RR/MM/DD'),11,11);
Insert into NUKACOLA.COMPANYS (COMP_NO,COMP_NAME,COMP_INFO,COMP_EMAIL,COMP_ADDRESS,COMP_LOGO,COMP_HEADCOUNT,COMP_BIRTH,CREATED_AT,UPDATED_AT,USER_NO,COMP_PM) values (25,'회사3','안녕하세요3','ghltk3@gmail.com','서울시 강서구',null,'101~500명','09/11/1980',to_date('20/12/23','RR/MM/DD'),to_date('20/12/23','RR/MM/DD'),11,11);
Insert into NUKACOLA.COMPANYS (COMP_NO,COMP_NAME,COMP_INFO,COMP_EMAIL,COMP_ADDRESS,COMP_LOGO,COMP_HEADCOUNT,COMP_BIRTH,CREATED_AT,UPDATED_AT,USER_NO,COMP_PM) values (26,'회사4','안녕하세요4','ghltk4@gmail.com','서울시 강동구',null,'5000명초과','09/12/1980',to_date('20/12/23','RR/MM/DD'),to_date('20/12/23','RR/MM/DD'),12,12);
Insert into NUKACOLA.COMPANYS (COMP_NO,COMP_NAME,COMP_INFO,COMP_EMAIL,COMP_ADDRESS,COMP_LOGO,COMP_HEADCOUNT,COMP_BIRTH,CREATED_AT,UPDATED_AT,USER_NO,COMP_PM) values (27,'회사5','안녕하세요5','ghltk5@gmail.com','서울시 송파구',null,'1~11명','09/13/1980',to_date('20/12/23','RR/MM/DD'),to_date('20/12/23','RR/MM/DD'),12,12);
Insert into NUKACOLA.COMPANYS (COMP_NO,COMP_NAME,COMP_INFO,COMP_EMAIL,COMP_ADDRESS,COMP_LOGO,COMP_HEADCOUNT,COMP_BIRTH,CREATED_AT,UPDATED_AT,USER_NO,COMP_PM) values (28,'회사6','안녕하세요6','ghltk6@gmail.com','서울시 노원구',null,'11~101명','09/14/1980',to_date('20/12/23','RR/MM/DD'),to_date('20/12/23','RR/MM/DD'),12,12);
Insert into NUKACOLA.COMPANYS (COMP_NO,COMP_NAME,COMP_INFO,COMP_EMAIL,COMP_ADDRESS,COMP_LOGO,COMP_HEADCOUNT,COMP_BIRTH,CREATED_AT,UPDATED_AT,USER_NO,COMP_PM) values (29,'회사7','안녕하세요7','ghltk7@gmail.com','서울시 중구',null,'101~501명','09/15/1980',to_date('20/12/23','RR/MM/DD'),to_date('20/12/23','RR/MM/DD'),12,12);
Insert into NUKACOLA.COMPANYS (COMP_NO,COMP_NAME,COMP_INFO,COMP_EMAIL,COMP_ADDRESS,COMP_LOGO,COMP_HEADCOUNT,COMP_BIRTH,CREATED_AT,UPDATED_AT,USER_NO,COMP_PM) values (30,'회사8','안녕하세요8','ghltk8@gmail.com','경기도 과천시',null,'5000명초과','09/16/1980',to_date('20/12/23','RR/MM/DD'),to_date('20/12/23','RR/MM/DD'),12,12);
Insert into NUKACOLA.COMPANYS (COMP_NO,COMP_NAME,COMP_INFO,COMP_EMAIL,COMP_ADDRESS,COMP_LOGO,COMP_HEADCOUNT,COMP_BIRTH,CREATED_AT,UPDATED_AT,USER_NO,COMP_PM) values (31,'회사9','안녕하세요9','ghltk9@gmail.com','경기도 성남시',null,'1~12명','09/17/1980',to_date('20/12/23','RR/MM/DD'),to_date('20/12/23','RR/MM/DD'),12,12);
Insert into NUKACOLA.COMPANYS (COMP_NO,COMP_NAME,COMP_INFO,COMP_EMAIL,COMP_ADDRESS,COMP_LOGO,COMP_HEADCOUNT,COMP_BIRTH,CREATED_AT,UPDATED_AT,USER_NO,COMP_PM) values (32,'회사10','안녕하세요10','ghltk10@gmail.com','경기도 하남시',null,'11~102명','09/18/1980',to_date('20/12/23','RR/MM/DD'),to_date('20/12/23','RR/MM/DD'),12,12);
Insert into NUKACOLA.COMPANYS (COMP_NO,COMP_NAME,COMP_INFO,COMP_EMAIL,COMP_ADDRESS,COMP_LOGO,COMP_HEADCOUNT,COMP_BIRTH,CREATED_AT,UPDATED_AT,USER_NO,COMP_PM) values (33,'회사11','안녕하세요11','ghltk11@gmail.com','경기도 고양시',null,'101~502명','09/19/1980',to_date('20/12/23','RR/MM/DD'),to_date('20/12/23','RR/MM/DD'),12,12);
Insert into NUKACOLA.COMPANYS (COMP_NO,COMP_NAME,COMP_INFO,COMP_EMAIL,COMP_ADDRESS,COMP_LOGO,COMP_HEADCOUNT,COMP_BIRTH,CREATED_AT,UPDATED_AT,USER_NO,COMP_PM) values (34,'회사12','안녕하세요12','ghltk12@gmail.com','경기도 화성시',null,'5000명초과','09/20/1980',to_date('20/12/23','RR/MM/DD'),to_date('20/12/23','RR/MM/DD'),12,12);
Insert into NUKACOLA.COMPANYS (COMP_NO,COMP_NAME,COMP_INFO,COMP_EMAIL,COMP_ADDRESS,COMP_LOGO,COMP_HEADCOUNT,COMP_BIRTH,CREATED_AT,UPDATED_AT,USER_NO,COMP_PM) values (35,'회사13','안녕하세요13','ghltk13@gmail.com','경기도 용인시',null,'1~13명','09/21/1980',to_date('20/12/23','RR/MM/DD'),to_date('20/12/23','RR/MM/DD'),12,12);
Insert into NUKACOLA.COMPANYS (COMP_NO,COMP_NAME,COMP_INFO,COMP_EMAIL,COMP_ADDRESS,COMP_LOGO,COMP_HEADCOUNT,COMP_BIRTH,CREATED_AT,UPDATED_AT,USER_NO,COMP_PM) values (36,'회사14','안녕하세요14','ghltk14@gmail.com','인천광역시 남구',null,'11~103명','09/22/1980',to_date('20/12/23','RR/MM/DD'),to_date('20/12/23','RR/MM/DD'),12,12);
Insert into NUKACOLA.COMPANYS (COMP_NO,COMP_NAME,COMP_INFO,COMP_EMAIL,COMP_ADDRESS,COMP_LOGO,COMP_HEADCOUNT,COMP_BIRTH,CREATED_AT,UPDATED_AT,USER_NO,COMP_PM) values (37,'회사15','안녕하세요15','ghltk15@gmail.com','인천광역시 계양구',null,'101~503명','09/23/1980',to_date('20/12/23','RR/MM/DD'),to_date('20/12/23','RR/MM/DD'),12,12);
Insert into NUKACOLA.COMPANYS (COMP_NO,COMP_NAME,COMP_INFO,COMP_EMAIL,COMP_ADDRESS,COMP_LOGO,COMP_HEADCOUNT,COMP_BIRTH,CREATED_AT,UPDATED_AT,USER_NO,COMP_PM) values (38,'회사16','안녕하세요16','ghltk16@gmail.com','대전광역시',null,'5000명초과','09/24/1980',to_date('20/12/23','RR/MM/DD'),to_date('20/12/23','RR/MM/DD'),12,12);
Insert into NUKACOLA.COMPANYS (COMP_NO,COMP_NAME,COMP_INFO,COMP_EMAIL,COMP_ADDRESS,COMP_LOGO,COMP_HEADCOUNT,COMP_BIRTH,CREATED_AT,UPDATED_AT,USER_NO,COMP_PM) values (39,'회사17','안녕하세요17','ghltk17@gmail.com','광주광역시',null,'1~14명','09/25/1980',to_date('20/12/23','RR/MM/DD'),to_date('20/12/23','RR/MM/DD'),12,12);
Insert into NUKACOLA.COMPANYS (COMP_NO,COMP_NAME,COMP_INFO,COMP_EMAIL,COMP_ADDRESS,COMP_LOGO,COMP_HEADCOUNT,COMP_BIRTH,CREATED_AT,UPDATED_AT,USER_NO,COMP_PM) values (40,'회사18','안녕하세요18','ghltk18@gmail.com','대구광역시',null,'11~104명','09/26/1980',to_date('20/12/23','RR/MM/DD'),to_date('20/12/23','RR/MM/DD'),12,12);
Insert into NUKACOLA.COMPANYS (COMP_NO,COMP_NAME,COMP_INFO,COMP_EMAIL,COMP_ADDRESS,COMP_LOGO,COMP_HEADCOUNT,COMP_BIRTH,CREATED_AT,UPDATED_AT,USER_NO,COMP_PM) values (41,'회사19','안녕하세요19','ghltk19@gmail.com','울산광역시',null,'101~504명','09/27/1980',to_date('20/12/23','RR/MM/DD'),to_date('20/12/23','RR/MM/DD'),12,12);
Insert into NUKACOLA.COMPANYS (COMP_NO,COMP_NAME,COMP_INFO,COMP_EMAIL,COMP_ADDRESS,COMP_LOGO,COMP_HEADCOUNT,COMP_BIRTH,CREATED_AT,UPDATED_AT,USER_NO,COMP_PM) values (42,'회사20','안녕하세요20','ghltk20@gmail.com','부산광역시',null,'5000명초과','09/28/1980',to_date('20/12/23','RR/MM/DD'),to_date('20/12/23','RR/MM/DD'),12,12);
Insert into NUKACOLA.COMPANYS (COMP_NO,COMP_NAME,COMP_INFO,COMP_EMAIL,COMP_ADDRESS,COMP_LOGO,COMP_HEADCOUNT,COMP_BIRTH,CREATED_AT,UPDATED_AT,USER_NO,COMP_PM) values (43,'회사21','안녕하세요21','ghltk21@gmail.com','강원도',null,'1~15명','09/29/1980',to_date('20/12/23','RR/MM/DD'),to_date('20/12/23','RR/MM/DD'),12,12);
Insert into NUKACOLA.COMPANYS (COMP_NO,COMP_NAME,COMP_INFO,COMP_EMAIL,COMP_ADDRESS,COMP_LOGO,COMP_HEADCOUNT,COMP_BIRTH,CREATED_AT,UPDATED_AT,USER_NO,COMP_PM) values (44,'회사22','안녕하세요22','ghltk22@gmail.com','충청북도',null,'11~105명','09/30/1980',to_date('20/12/23','RR/MM/DD'),to_date('20/12/23','RR/MM/DD'),12,12);
Insert into NUKACOLA.COMPANYS (COMP_NO,COMP_NAME,COMP_INFO,COMP_EMAIL,COMP_ADDRESS,COMP_LOGO,COMP_HEADCOUNT,COMP_BIRTH,CREATED_AT,UPDATED_AT,USER_NO,COMP_PM) values (45,'회사23','안녕하세요23','ghltk23@gmail.com','충청남도',null,'101~505명','10/01/1980',to_date('20/12/23','RR/MM/DD'),to_date('20/12/23','RR/MM/DD'),12,12);
Insert into NUKACOLA.COMPANYS (COMP_NO,COMP_NAME,COMP_INFO,COMP_EMAIL,COMP_ADDRESS,COMP_LOGO,COMP_HEADCOUNT,COMP_BIRTH,CREATED_AT,UPDATED_AT,USER_NO,COMP_PM) values (46,'회사24','안녕하세요24','ghltk24@gmail.com','전라북도',null,'5000명초과','10/02/1980',to_date('20/12/23','RR/MM/DD'),to_date('20/12/23','RR/MM/DD'),12,12);
Insert into NUKACOLA.COMPANYS (COMP_NO,COMP_NAME,COMP_INFO,COMP_EMAIL,COMP_ADDRESS,COMP_LOGO,COMP_HEADCOUNT,COMP_BIRTH,CREATED_AT,UPDATED_AT,USER_NO,COMP_PM) values (47,'회사25','안녕하세요25','ghltk25@gmail.com','전라남도',null,'1~16명','10/03/1980',to_date('20/12/23','RR/MM/DD'),to_date('20/12/23','RR/MM/DD'),12,12);
Insert into NUKACOLA.COMPANYS (COMP_NO,COMP_NAME,COMP_INFO,COMP_EMAIL,COMP_ADDRESS,COMP_LOGO,COMP_HEADCOUNT,COMP_BIRTH,CREATED_AT,UPDATED_AT,USER_NO,COMP_PM) values (48,'회사26','안녕하세요26','ghltk26@gmail.com','경상북도',null,'11~106명','10/04/1980',to_date('20/12/23','RR/MM/DD'),to_date('20/12/23','RR/MM/DD'),12,12);
Insert into NUKACOLA.COMPANYS (COMP_NO,COMP_NAME,COMP_INFO,COMP_EMAIL,COMP_ADDRESS,COMP_LOGO,COMP_HEADCOUNT,COMP_BIRTH,CREATED_AT,UPDATED_AT,USER_NO,COMP_PM) values (49,'회사27','안녕하세요27','ghltk27@gmail.com','경상남도',null,'101~506명','10/05/1980',to_date('20/12/23','RR/MM/DD'),to_date('20/12/23','RR/MM/DD'),12,12);
Insert into NUKACOLA.COMPANYS (COMP_NO,COMP_NAME,COMP_INFO,COMP_EMAIL,COMP_ADDRESS,COMP_LOGO,COMP_HEADCOUNT,COMP_BIRTH,CREATED_AT,UPDATED_AT,USER_NO,COMP_PM) values (50,'회사28','안녕하세요28','ghltk28@gmail.com','제주도',null,'5000명초과','10/06/1980',to_date('20/12/23','RR/MM/DD'),to_date('20/12/23','RR/MM/DD'),12,12);
Insert into NUKACOLA.COMPANYS (COMP_NO,COMP_NAME,COMP_INFO,COMP_EMAIL,COMP_ADDRESS,COMP_LOGO,COMP_HEADCOUNT,COMP_BIRTH,CREATED_AT,UPDATED_AT,USER_NO,COMP_PM) values (51,'회사29','안녕하세요29','ghltk29@gmail.com','서울시 강남구',null,'1~17명','10/07/1980',to_date('20/12/23','RR/MM/DD'),to_date('20/12/23','RR/MM/DD'),12,12);
Insert into NUKACOLA.COMPANYS (COMP_NO,COMP_NAME,COMP_INFO,COMP_EMAIL,COMP_ADDRESS,COMP_LOGO,COMP_HEADCOUNT,COMP_BIRTH,CREATED_AT,UPDATED_AT,USER_NO,COMP_PM) values (52,'회사30','안녕하세요30','ghltk30@gmail.com','서울시 성북구',null,'11~107명','10/08/1980',to_date('20/12/23','RR/MM/DD'),to_date('20/12/23','RR/MM/DD'),12,12);
Insert into NUKACOLA.COMPANYS (COMP_NO,COMP_NAME,COMP_INFO,COMP_EMAIL,COMP_ADDRESS,COMP_LOGO,COMP_HEADCOUNT,COMP_BIRTH,CREATED_AT,UPDATED_AT,USER_NO,COMP_PM) values (53,'회사31','안녕하세요31','ghltk31@gmail.com','서울시 강서구',null,'101~507명','10/09/1980',to_date('20/12/23','RR/MM/DD'),to_date('20/12/23','RR/MM/DD'),12,12);
Insert into NUKACOLA.COMPANYS (COMP_NO,COMP_NAME,COMP_INFO,COMP_EMAIL,COMP_ADDRESS,COMP_LOGO,COMP_HEADCOUNT,COMP_BIRTH,CREATED_AT,UPDATED_AT,USER_NO,COMP_PM) values (54,'회사32','안녕하세요32','ghltk32@gmail.com','서울시 강동구',null,'5000명초과','10/10/1980',to_date('20/12/23','RR/MM/DD'),to_date('20/12/23','RR/MM/DD'),12,12);
Insert into NUKACOLA.COMPANYS (COMP_NO,COMP_NAME,COMP_INFO,COMP_EMAIL,COMP_ADDRESS,COMP_LOGO,COMP_HEADCOUNT,COMP_BIRTH,CREATED_AT,UPDATED_AT,USER_NO,COMP_PM) values (55,'회사33','안녕하세요33','ghltk33@gmail.com','서울시 송파구',null,'1~18명','10/11/1980',to_date('20/12/23','RR/MM/DD'),to_date('20/12/23','RR/MM/DD'),12,12);
Insert into NUKACOLA.COMPANYS (COMP_NO,COMP_NAME,COMP_INFO,COMP_EMAIL,COMP_ADDRESS,COMP_LOGO,COMP_HEADCOUNT,COMP_BIRTH,CREATED_AT,UPDATED_AT,USER_NO,COMP_PM) values (56,'회사34','안녕하세요34','ghltk34@gmail.com','서울시 노원구',null,'11~108명','10/12/1980',to_date('20/12/23','RR/MM/DD'),to_date('20/12/23','RR/MM/DD'),12,12);
Insert into NUKACOLA.COMPANYS (COMP_NO,COMP_NAME,COMP_INFO,COMP_EMAIL,COMP_ADDRESS,COMP_LOGO,COMP_HEADCOUNT,COMP_BIRTH,CREATED_AT,UPDATED_AT,USER_NO,COMP_PM) values (57,'회사35','안녕하세요35','ghltk35@gmail.com','서울시 중구',null,'101~508명','10/13/1980',to_date('20/12/23','RR/MM/DD'),to_date('20/12/23','RR/MM/DD'),12,12);
Insert into NUKACOLA.COMPANYS (COMP_NO,COMP_NAME,COMP_INFO,COMP_EMAIL,COMP_ADDRESS,COMP_LOGO,COMP_HEADCOUNT,COMP_BIRTH,CREATED_AT,UPDATED_AT,USER_NO,COMP_PM) values (58,'회사36','안녕하세요36','ghltk36@gmail.com','경기도 과천시',null,'5000명초과','10/14/1980',to_date('20/12/23','RR/MM/DD'),to_date('20/12/23','RR/MM/DD'),12,12);
Insert into NUKACOLA.COMPANYS (COMP_NO,COMP_NAME,COMP_INFO,COMP_EMAIL,COMP_ADDRESS,COMP_LOGO,COMP_HEADCOUNT,COMP_BIRTH,CREATED_AT,UPDATED_AT,USER_NO,COMP_PM) values (59,'회사37','안녕하세요37','ghltk37@gmail.com','경기도 성남시',null,'1~19명','10/15/1980',to_date('20/12/23','RR/MM/DD'),to_date('20/12/23','RR/MM/DD'),12,12);
Insert into NUKACOLA.COMPANYS (COMP_NO,COMP_NAME,COMP_INFO,COMP_EMAIL,COMP_ADDRESS,COMP_LOGO,COMP_HEADCOUNT,COMP_BIRTH,CREATED_AT,UPDATED_AT,USER_NO,COMP_PM) values (60,'회사38','안녕하세요38','ghltk38@gmail.com','경기도 하남시',null,'11~109명','10/16/1980',to_date('20/12/23','RR/MM/DD'),to_date('20/12/23','RR/MM/DD'),12,12);
Insert into NUKACOLA.COMPANYS (COMP_NO,COMP_NAME,COMP_INFO,COMP_EMAIL,COMP_ADDRESS,COMP_LOGO,COMP_HEADCOUNT,COMP_BIRTH,CREATED_AT,UPDATED_AT,USER_NO,COMP_PM) values (61,'회사39','안녕하세요39','ghltk39@gmail.com','경기도 고양시',null,'101~509명','10/17/1980',to_date('20/12/23','RR/MM/DD'),to_date('20/12/23','RR/MM/DD'),12,12);
Insert into NUKACOLA.COMPANYS (COMP_NO,COMP_NAME,COMP_INFO,COMP_EMAIL,COMP_ADDRESS,COMP_LOGO,COMP_HEADCOUNT,COMP_BIRTH,CREATED_AT,UPDATED_AT,USER_NO,COMP_PM) values (62,'회사40','안녕하세요40','ghltk40@gmail.com','경기도 화성시',null,'5000명초과','10/18/1980',to_date('20/12/23','RR/MM/DD'),to_date('20/12/23','RR/MM/DD'),12,12);
Insert into NUKACOLA.COMPANYS (COMP_NO,COMP_NAME,COMP_INFO,COMP_EMAIL,COMP_ADDRESS,COMP_LOGO,COMP_HEADCOUNT,COMP_BIRTH,CREATED_AT,UPDATED_AT,USER_NO,COMP_PM) values (63,'회사41','안녕하세요41','ghltk41@gmail.com','경기도 용인시',null,'1~20명','10/19/1980',to_date('20/12/23','RR/MM/DD'),to_date('20/12/23','RR/MM/DD'),12,12);
Insert into NUKACOLA.COMPANYS (COMP_NO,COMP_NAME,COMP_INFO,COMP_EMAIL,COMP_ADDRESS,COMP_LOGO,COMP_HEADCOUNT,COMP_BIRTH,CREATED_AT,UPDATED_AT,USER_NO,COMP_PM) values (64,'회사42','안녕하세요42','ghltk42@gmail.com','인천광역시 남구',null,'11~110명','10/20/1980',to_date('20/12/23','RR/MM/DD'),to_date('20/12/23','RR/MM/DD'),12,12);
Insert into NUKACOLA.COMPANYS (COMP_NO,COMP_NAME,COMP_INFO,COMP_EMAIL,COMP_ADDRESS,COMP_LOGO,COMP_HEADCOUNT,COMP_BIRTH,CREATED_AT,UPDATED_AT,USER_NO,COMP_PM) values (65,'회사43','안녕하세요43','ghltk43@gmail.com','인천광역시 계양구',null,'101~510명','10/21/1980',to_date('20/12/23','RR/MM/DD'),to_date('20/12/23','RR/MM/DD'),12,12);
Insert into NUKACOLA.COMPANYS (COMP_NO,COMP_NAME,COMP_INFO,COMP_EMAIL,COMP_ADDRESS,COMP_LOGO,COMP_HEADCOUNT,COMP_BIRTH,CREATED_AT,UPDATED_AT,USER_NO,COMP_PM) values (66,'회사44','안녕하세요44','ghltk44@gmail.com','대전광역시',null,'5000명초과','10/22/1980',to_date('20/12/23','RR/MM/DD'),to_date('20/12/23','RR/MM/DD'),12,12);
Insert into NUKACOLA.COMPANYS (COMP_NO,COMP_NAME,COMP_INFO,COMP_EMAIL,COMP_ADDRESS,COMP_LOGO,COMP_HEADCOUNT,COMP_BIRTH,CREATED_AT,UPDATED_AT,USER_NO,COMP_PM) values (67,'회사45','안녕하세요45','ghltk45@gmail.com','광주광역시',null,'1~21명','10/23/1980',to_date('20/12/23','RR/MM/DD'),to_date('20/12/23','RR/MM/DD'),12,12);
Insert into NUKACOLA.COMPANYS (COMP_NO,COMP_NAME,COMP_INFO,COMP_EMAIL,COMP_ADDRESS,COMP_LOGO,COMP_HEADCOUNT,COMP_BIRTH,CREATED_AT,UPDATED_AT,USER_NO,COMP_PM) values (68,'회사46','안녕하세요46','ghltk46@gmail.com','대구광역시',null,'11~111명','10/24/1980',to_date('20/12/23','RR/MM/DD'),to_date('20/12/23','RR/MM/DD'),12,12);
Insert into NUKACOLA.COMPANYS (COMP_NO,COMP_NAME,COMP_INFO,COMP_EMAIL,COMP_ADDRESS,COMP_LOGO,COMP_HEADCOUNT,COMP_BIRTH,CREATED_AT,UPDATED_AT,USER_NO,COMP_PM) values (69,'회사47','안녕하세요47','ghltk47@gmail.com','울산광역시',null,'101~511명','10/25/1980',to_date('20/12/23','RR/MM/DD'),to_date('20/12/23','RR/MM/DD'),12,12);
Insert into NUKACOLA.COMPANYS (COMP_NO,COMP_NAME,COMP_INFO,COMP_EMAIL,COMP_ADDRESS,COMP_LOGO,COMP_HEADCOUNT,COMP_BIRTH,CREATED_AT,UPDATED_AT,USER_NO,COMP_PM) values (70,'회사48','안녕하세요48','ghltk48@gmail.com','부산광역시',null,'5000명초과','10/26/1980',to_date('20/12/23','RR/MM/DD'),to_date('20/12/23','RR/MM/DD'),12,12);
Insert into NUKACOLA.COMPANYS (COMP_NO,COMP_NAME,COMP_INFO,COMP_EMAIL,COMP_ADDRESS,COMP_LOGO,COMP_HEADCOUNT,COMP_BIRTH,CREATED_AT,UPDATED_AT,USER_NO,COMP_PM) values (71,'회사49','안녕하세요49','ghltk49@gmail.com','강원도',null,'1~22명','10/27/1980',to_date('20/12/23','RR/MM/DD'),to_date('20/12/23','RR/MM/DD'),12,12);
Insert into NUKACOLA.COMPANYS (COMP_NO,COMP_NAME,COMP_INFO,COMP_EMAIL,COMP_ADDRESS,COMP_LOGO,COMP_HEADCOUNT,COMP_BIRTH,CREATED_AT,UPDATED_AT,USER_NO,COMP_PM) values (72,'회사50','안녕하세요50','ghltk50@gmail.com','충청북도',null,'11~112명','10/28/1980',to_date('20/12/23','RR/MM/DD'),to_date('20/12/23','RR/MM/DD'),12,12);
Insert into NUKACOLA.COMPANYS (COMP_NO,COMP_NAME,COMP_INFO,COMP_EMAIL,COMP_ADDRESS,COMP_LOGO,COMP_HEADCOUNT,COMP_BIRTH,CREATED_AT,UPDATED_AT,USER_NO,COMP_PM) values (18,'8.15','eeeeeeeeeeeeeeeeeeeeeeeee','dkssud@naver.com','서울',null,'11~100명','123123',to_date('20/12/22','RR/MM/DD'),to_date('20/12/22','RR/MM/DD'),12,12);
Insert into NUKACOLA.COMPANYS (COMP_NO,COMP_NAME,COMP_INFO,COMP_EMAIL,COMP_ADDRESS,COMP_LOGO,COMP_HEADCOUNT,COMP_BIRTH,CREATED_AT,UPDATED_AT,USER_NO,COMP_PM) values (14,'테스트기업','ㅇㅇ','dkssud@naver.com','서울','(null)','11~100명','123123',to_date('20/12/22','RR/MM/DD'),to_date('20/12/22','RR/MM/DD'),12,12);
Insert into NUKACOLA.COMPANYS (COMP_NO,COMP_NAME,COMP_INFO,COMP_EMAIL,COMP_ADDRESS,COMP_LOGO,COMP_HEADCOUNT,COMP_BIRTH,CREATED_AT,UPDATED_AT,USER_NO,COMP_PM) values (15,'7:33테스트','ㅇㅇ','dkssud@naver.com','서울',null,'11~100명','ㅇㅇ',to_date('20/12/22','RR/MM/DD'),to_date('20/12/22','RR/MM/DD'),12,12);
Insert into NUKACOLA.COMPANYS (COMP_NO,COMP_NAME,COMP_INFO,COMP_EMAIL,COMP_ADDRESS,COMP_LOGO,COMP_HEADCOUNT,COMP_BIRTH,CREATED_AT,UPDATED_AT,USER_NO,COMP_PM) values (4,'스타벅스','안녕하세요 우리는 스타벅스입니다','qkqhsp123@gmail.com','서울시 강남구 역삼로',null,'1~10명','2020-01-01',to_date('20/12/23','RR/MM/DD'),to_date('20/12/23','RR/MM/DD'),30,30);
Insert into NUKACOLA.COMPANYS (COMP_NO,COMP_NAME,COMP_INFO,COMP_EMAIL,COMP_ADDRESS,COMP_LOGO,COMP_HEADCOUNT,COMP_BIRTH,CREATED_AT,UPDATED_AT,USER_NO,COMP_PM) values (77,'안녕기업','ㄴㄴ','yhg0337@gna,com','232323','(null)','11~100명','2012-20-20',to_date('20/12/23','RR/MM/DD'),to_date('20/12/23','RR/MM/DD'),1,1);
Insert into NUKACOLA.COMPANYS (COMP_NO,COMP_NAME,COMP_INFO,COMP_EMAIL,COMP_ADDRESS,COMP_LOGO,COMP_HEADCOUNT,COMP_BIRTH,CREATED_AT,UPDATED_AT,USER_NO,COMP_PM) values (17,'8.10','ㅇㅇㅇㅇㅇㅇㅇㅇㅇㅇㅇㅇㅇㅇㅇㅇㅇㅇㅇㅇㅇㅇㅇ','dkssud@naver.com','서울',null,'101~500명','123123',to_date('20/12/22','RR/MM/DD'),to_date('20/12/22','RR/MM/DD'),12,12);
Insert into NUKACOLA.COMPANYS (COMP_NO,COMP_NAME,COMP_INFO,COMP_EMAIL,COMP_ADDRESS,COMP_LOGO,COMP_HEADCOUNT,COMP_BIRTH,CREATED_AT,UPDATED_AT,USER_NO,COMP_PM) values (74,'테스트기업','test','dkssud@naver.com','서울','(null)','1001~5000명','2202-02-11',to_date('20/12/23','RR/MM/DD'),to_date('20/12/23','RR/MM/DD'),11,11);
Insert into NUKACOLA.COMPANYS (COMP_NO,COMP_NAME,COMP_INFO,COMP_EMAIL,COMP_ADDRESS,COMP_LOGO,COMP_HEADCOUNT,COMP_BIRTH,CREATED_AT,UPDATED_AT,USER_NO,COMP_PM) values (76,'테스트기업','test','dkssud@naver.com','서울','(null)','1001~5000명','2202-02-11',to_date('20/12/23','RR/MM/DD'),to_date('20/12/23','RR/MM/DD'),11,11);
Insert into NUKACOLA.COMPANYS (COMP_NO,COMP_NAME,COMP_INFO,COMP_EMAIL,COMP_ADDRESS,COMP_LOGO,COMP_HEADCOUNT,COMP_BIRTH,CREATED_AT,UPDATED_AT,USER_NO,COMP_PM) values (96,'예를들어볼까','안녕','dkssud@naver.com','서울','resources/assets/2020122819141697632.jpg','11~100명','123123',to_date('20/12/28','RR/MM/DD'),to_date('20/12/28','RR/MM/DD'),12,12);
Insert into NUKACOLA.COMPANYS (COMP_NO,COMP_NAME,COMP_INFO,COMP_EMAIL,COMP_ADDRESS,COMP_LOGO,COMP_HEADCOUNT,COMP_BIRTH,CREATED_AT,UPDATED_AT,USER_NO,COMP_PM) values (19,'미래기업','안녕','dkssud@naver.com','런던','(null)','5000명초과','2202-02-11',to_date('20/12/22','RR/MM/DD'),to_date('20/12/22','RR/MM/DD'),11,11);
REM INSERTING into NUKACOLA.COMPINDUS
SET DEFINE OFF;
Insert into NUKACOLA.COMPINDUS (COMP_NO,INDUS_NO) values (18,2);
Insert into NUKACOLA.COMPINDUS (COMP_NO,INDUS_NO) values (18,3);
Insert into NUKACOLA.COMPINDUS (COMP_NO,INDUS_NO) values (18,4);
Insert into NUKACOLA.COMPINDUS (COMP_NO,INDUS_NO) values (19,1);
Insert into NUKACOLA.COMPINDUS (COMP_NO,INDUS_NO) values (19,3);
Insert into NUKACOLA.COMPINDUS (COMP_NO,INDUS_NO) values (19,4);
Insert into NUKACOLA.COMPINDUS (COMP_NO,INDUS_NO) values (77,0);
Insert into NUKACOLA.COMPINDUS (COMP_NO,INDUS_NO) values (77,1);
Insert into NUKACOLA.COMPINDUS (COMP_NO,INDUS_NO) values (81,1);
Insert into NUKACOLA.COMPINDUS (COMP_NO,INDUS_NO) values (81,2);
Insert into NUKACOLA.COMPINDUS (COMP_NO,INDUS_NO) values (94,0);
Insert into NUKACOLA.COMPINDUS (COMP_NO,INDUS_NO) values (94,2);
Insert into NUKACOLA.COMPINDUS (COMP_NO,INDUS_NO) values (96,0);
Insert into NUKACOLA.COMPINDUS (COMP_NO,INDUS_NO) values (96,4);
Insert into NUKACOLA.COMPINDUS (COMP_NO,INDUS_NO) values (2021,2);
Insert into NUKACOLA.COMPINDUS (COMP_NO,INDUS_NO) values (2025,1);
Insert into NUKACOLA.COMPINDUS (COMP_NO,INDUS_NO) values (2026,0);
Insert into NUKACOLA.COMPINDUS (COMP_NO,INDUS_NO) values (2026,1);
Insert into NUKACOLA.COMPINDUS (COMP_NO,INDUS_NO) values (2026,2);
Insert into NUKACOLA.COMPINDUS (COMP_NO,INDUS_NO) values (2026,3);
Insert into NUKACOLA.COMPINDUS (COMP_NO,INDUS_NO) values (2026,4);
Insert into NUKACOLA.COMPINDUS (COMP_NO,INDUS_NO) values (2026,5);
REM INSERTING into NUKACOLA.COMP_SUB
SET DEFINE OFF;
Insert into NUKACOLA.COMP_SUB (USER_NO,COMP_NO,CREATED_AT) values (37,76,to_date('21/01/07','RR/MM/DD'));
Insert into NUKACOLA.COMP_SUB (USER_NO,COMP_NO,CREATED_AT) values (12,96,to_date('21/01/06','RR/MM/DD'));
Insert into NUKACOLA.COMP_SUB (USER_NO,COMP_NO,CREATED_AT) values (12,1,to_date('21/01/06','RR/MM/DD'));
Insert into NUKACOLA.COMP_SUB (USER_NO,COMP_NO,CREATED_AT) values (37,94,to_date('21/01/07','RR/MM/DD'));
Insert into NUKACOLA.COMP_SUB (USER_NO,COMP_NO,CREATED_AT) values (37,81,to_date('21/01/07','RR/MM/DD'));
Insert into NUKACOLA.COMP_SUB (USER_NO,COMP_NO,CREATED_AT) values (37,77,to_date('21/01/07','RR/MM/DD'));
Insert into NUKACOLA.COMP_SUB (USER_NO,COMP_NO,CREATED_AT) values (37,74,to_date('21/01/07','RR/MM/DD'));
Insert into NUKACOLA.COMP_SUB (USER_NO,COMP_NO,CREATED_AT) values (37,62,to_date('21/01/07','RR/MM/DD'));
Insert into NUKACOLA.COMP_SUB (USER_NO,COMP_NO,CREATED_AT) values (37,59,to_date('21/01/07','RR/MM/DD'));
Insert into NUKACOLA.COMP_SUB (USER_NO,COMP_NO,CREATED_AT) values (37,2022,to_date('21/01/07','RR/MM/DD'));
Insert into NUKACOLA.COMP_SUB (USER_NO,COMP_NO,CREATED_AT) values (37,95,to_date('21/01/07','RR/MM/DD'));
Insert into NUKACOLA.COMP_SUB (USER_NO,COMP_NO,CREATED_AT) values (2035,2021,to_date('21/01/08','RR/MM/DD'));
Insert into NUKACOLA.COMP_SUB (USER_NO,COMP_NO,CREATED_AT) values (1,95,to_date('21/01/04','RR/MM/DD'));
Insert into NUKACOLA.COMP_SUB (USER_NO,COMP_NO,CREATED_AT) values (1,2021,to_date('21/01/04','RR/MM/DD'));
Insert into NUKACOLA.COMP_SUB (USER_NO,COMP_NO,CREATED_AT) values (37,2021,to_date('21/01/11','RR/MM/DD'));
Insert into NUKACOLA.COMP_SUB (USER_NO,COMP_NO,CREATED_AT) values (37,96,to_date('21/01/11','RR/MM/DD'));
Insert into NUKACOLA.COMP_SUB (USER_NO,COMP_NO,CREATED_AT) values (37,45,to_date('21/01/11','RR/MM/DD'));
Insert into NUKACOLA.COMP_SUB (USER_NO,COMP_NO,CREATED_AT) values (37,1,to_date('21/01/11','RR/MM/DD'));
Insert into NUKACOLA.COMP_SUB (USER_NO,COMP_NO,CREATED_AT) values (37,44,to_date('21/01/11','RR/MM/DD'));
Insert into NUKACOLA.COMP_SUB (USER_NO,COMP_NO,CREATED_AT) values (37,23,to_date('21/01/11','RR/MM/DD'));
Insert into NUKACOLA.COMP_SUB (USER_NO,COMP_NO,CREATED_AT) values (2035,1,to_date('21/01/07','RR/MM/DD'));
Insert into NUKACOLA.COMP_SUB (USER_NO,COMP_NO,CREATED_AT) values (2035,96,to_date('21/01/07','RR/MM/DD'));
Insert into NUKACOLA.COMP_SUB (USER_NO,COMP_NO,CREATED_AT) values (37,2025,to_date('21/01/07','RR/MM/DD'));
Insert into NUKACOLA.COMP_SUB (USER_NO,COMP_NO,CREATED_AT) values (33,44,to_date('20/12/26','RR/MM/DD'));
Insert into NUKACOLA.COMP_SUB (USER_NO,COMP_NO,CREATED_AT) values (33,45,to_date('20/12/26','RR/MM/DD'));
Insert into NUKACOLA.COMP_SUB (USER_NO,COMP_NO,CREATED_AT) values (1,31,to_date('20/12/27','RR/MM/DD'));
Insert into NUKACOLA.COMP_SUB (USER_NO,COMP_NO,CREATED_AT) values (1,18,to_date('20/12/27','RR/MM/DD'));
Insert into NUKACOLA.COMP_SUB (USER_NO,COMP_NO,CREATED_AT) values (35,1,to_date('20/12/17','RR/MM/DD'));
REM INSERTING into NUKACOLA.CONNECTIONS
SET DEFINE OFF;
Insert into NUKACOLA.CONNECTIONS (FOLLOWER_NO,FOLLOWING_NO,CREATED_AT) values (37,33,to_date('21/01/08','RR/MM/DD'));
Insert into NUKACOLA.CONNECTIONS (FOLLOWER_NO,FOLLOWING_NO,CREATED_AT) values (1,30,to_date('21/01/09','RR/MM/DD'));
Insert into NUKACOLA.CONNECTIONS (FOLLOWER_NO,FOLLOWING_NO,CREATED_AT) values (30,1,to_date('21/01/04','RR/MM/DD'));
Insert into NUKACOLA.CONNECTIONS (FOLLOWER_NO,FOLLOWING_NO,CREATED_AT) values (1,2022,to_date('21/01/09','RR/MM/DD'));
Insert into NUKACOLA.CONNECTIONS (FOLLOWER_NO,FOLLOWING_NO,CREATED_AT) values (2022,37,to_date('21/01/08','RR/MM/DD'));
Insert into NUKACOLA.CONNECTIONS (FOLLOWER_NO,FOLLOWING_NO,CREATED_AT) values (2022,37,to_date('21/01/08','RR/MM/DD'));
Insert into NUKACOLA.CONNECTIONS (FOLLOWER_NO,FOLLOWING_NO,CREATED_AT) values (1,2035,to_date('21/01/09','RR/MM/DD'));
Insert into NUKACOLA.CONNECTIONS (FOLLOWER_NO,FOLLOWING_NO,CREATED_AT) values (1,2047,to_date('21/01/11','RR/MM/DD'));
Insert into NUKACOLA.CONNECTIONS (FOLLOWER_NO,FOLLOWING_NO,CREATED_AT) values (1,2028,to_date('21/01/11','RR/MM/DD'));
Insert into NUKACOLA.CONNECTIONS (FOLLOWER_NO,FOLLOWING_NO,CREATED_AT) values (1,2028,to_date('21/01/11','RR/MM/DD'));
Insert into NUKACOLA.CONNECTIONS (FOLLOWER_NO,FOLLOWING_NO,CREATED_AT) values (37,1,to_date('21/01/11','RR/MM/DD'));
Insert into NUKACOLA.CONNECTIONS (FOLLOWER_NO,FOLLOWING_NO,CREATED_AT) values (30,35,to_date('21/01/04','RR/MM/DD'));
Insert into NUKACOLA.CONNECTIONS (FOLLOWER_NO,FOLLOWING_NO,CREATED_AT) values (37,11,to_date('21/01/07','RR/MM/DD'));
Insert into NUKACOLA.CONNECTIONS (FOLLOWER_NO,FOLLOWING_NO,CREATED_AT) values (35,2027,to_date('21/01/07','RR/MM/DD'));
Insert into NUKACOLA.CONNECTIONS (FOLLOWER_NO,FOLLOWING_NO,CREATED_AT) values (37,2028,to_date('21/01/11','RR/MM/DD'));
Insert into NUKACOLA.CONNECTIONS (FOLLOWER_NO,FOLLOWING_NO,CREATED_AT) values (37,2028,to_date('21/01/07','RR/MM/DD'));
Insert into NUKACOLA.CONNECTIONS (FOLLOWER_NO,FOLLOWING_NO,CREATED_AT) values (1,2026,to_date('21/01/11','RR/MM/DD'));
Insert into NUKACOLA.CONNECTIONS (FOLLOWER_NO,FOLLOWING_NO,CREATED_AT) values (12,1,to_date('21/01/04','RR/MM/DD'));
Insert into NUKACOLA.CONNECTIONS (FOLLOWER_NO,FOLLOWING_NO,CREATED_AT) values (37,2032,to_date('21/01/07','RR/MM/DD'));
Insert into NUKACOLA.CONNECTIONS (FOLLOWER_NO,FOLLOWING_NO,CREATED_AT) values (37,30,to_date('21/01/11','RR/MM/DD'));
Insert into NUKACOLA.CONNECTIONS (FOLLOWER_NO,FOLLOWING_NO,CREATED_AT) values (1,2032,to_date('21/01/11','RR/MM/DD'));
Insert into NUKACOLA.CONNECTIONS (FOLLOWER_NO,FOLLOWING_NO,CREATED_AT) values (1,2028,to_date('21/01/11','RR/MM/DD'));
Insert into NUKACOLA.CONNECTIONS (FOLLOWER_NO,FOLLOWING_NO,CREATED_AT) values (33,1,to_date('20/12/23','RR/MM/DD'));
Insert into NUKACOLA.CONNECTIONS (FOLLOWER_NO,FOLLOWING_NO,CREATED_AT) values (2,1,to_date('20/12/16','RR/MM/DD'));
Insert into NUKACOLA.CONNECTIONS (FOLLOWER_NO,FOLLOWING_NO,CREATED_AT) values (5,1,to_date('20/12/16','RR/MM/DD'));
Insert into NUKACOLA.CONNECTIONS (FOLLOWER_NO,FOLLOWING_NO,CREATED_AT) values (37,2026,to_date('21/01/07','RR/MM/DD'));
Insert into NUKACOLA.CONNECTIONS (FOLLOWER_NO,FOLLOWING_NO,CREATED_AT) values (7,1,to_date('20/12/18','RR/MM/DD'));
Insert into NUKACOLA.CONNECTIONS (FOLLOWER_NO,FOLLOWING_NO,CREATED_AT) values (1,38,to_date('20/12/18','RR/MM/DD'));
Insert into NUKACOLA.CONNECTIONS (FOLLOWER_NO,FOLLOWING_NO,CREATED_AT) values (33,1,to_date('20/12/23','RR/MM/DD'));
Insert into NUKACOLA.CONNECTIONS (FOLLOWER_NO,FOLLOWING_NO,CREATED_AT) values (33,30,to_date('20/12/23','RR/MM/DD'));
Insert into NUKACOLA.CONNECTIONS (FOLLOWER_NO,FOLLOWING_NO,CREATED_AT) values (2047,2047,to_date('21/01/11','RR/MM/DD'));
Insert into NUKACOLA.CONNECTIONS (FOLLOWER_NO,FOLLOWING_NO,CREATED_AT) values (1,37,to_date('20/12/22','RR/MM/DD'));
Insert into NUKACOLA.CONNECTIONS (FOLLOWER_NO,FOLLOWING_NO,CREATED_AT) values (33,30,to_date('20/12/23','RR/MM/DD'));
Insert into NUKACOLA.CONNECTIONS (FOLLOWER_NO,FOLLOWING_NO,CREATED_AT) values (33,11,to_date('20/12/23','RR/MM/DD'));
Insert into NUKACOLA.CONNECTIONS (FOLLOWER_NO,FOLLOWING_NO,CREATED_AT) values (12,12,to_date('20/12/25','RR/MM/DD'));
Insert into NUKACOLA.CONNECTIONS (FOLLOWER_NO,FOLLOWING_NO,CREATED_AT) values (37,5,to_date('21/01/07','RR/MM/DD'));
Insert into NUKACOLA.CONNECTIONS (FOLLOWER_NO,FOLLOWING_NO,CREATED_AT) values (2035,37,to_date('21/01/08','RR/MM/DD'));
Insert into NUKACOLA.CONNECTIONS (FOLLOWER_NO,FOLLOWING_NO,CREATED_AT) values (2035,33,to_date('21/01/08','RR/MM/DD'));
Insert into NUKACOLA.CONNECTIONS (FOLLOWER_NO,FOLLOWING_NO,CREATED_AT) values (2035,1,to_date('21/01/08','RR/MM/DD'));
Insert into NUKACOLA.CONNECTIONS (FOLLOWER_NO,FOLLOWING_NO,CREATED_AT) values (2047,37,to_date('21/01/11','RR/MM/DD'));
Insert into NUKACOLA.CONNECTIONS (FOLLOWER_NO,FOLLOWING_NO,CREATED_AT) values (7,37,to_date('21/01/09','RR/MM/DD'));
REM INSERTING into NUKACOLA.COUNSELS
SET DEFINE OFF;
Insert into NUKACOLA.COUNSELS (COUNSEL_NO,COUNSEL_CONTENT,COUNSEL_USER,APPLY_NO,COUNSEL_STATE,CREATED_AT) values (2112,'팀합류~~',2035,2052,0,to_date('21/01/08','RR/MM/DD'));
Insert into NUKACOLA.COUNSELS (COUNSEL_NO,COUNSEL_CONTENT,COUNSEL_USER,APPLY_NO,COUNSEL_STATE,CREATED_AT) values (2113,'ㅋㅋㅋㅋㅋㅋㅋㅋㅋㅋ',2035,2052,0,to_date('21/01/08','RR/MM/DD'));
Insert into NUKACOLA.COUNSELS (COUNSEL_NO,COUNSEL_CONTENT,COUNSEL_USER,APPLY_NO,COUNSEL_STATE,CREATED_AT) values (2114,'위로왜가
',2035,2052,0,to_date('21/01/08','RR/MM/DD'));
Insert into NUKACOLA.COUNSELS (COUNSEL_NO,COUNSEL_CONTENT,COUNSEL_USER,APPLY_NO,COUNSEL_STATE,CREATED_AT) values (2121,'헬로우',1,2050,0,to_date('21/01/09','RR/MM/DD'));
Insert into NUKACOLA.COUNSELS (COUNSEL_NO,COUNSEL_CONTENT,COUNSEL_USER,APPLY_NO,COUNSEL_STATE,CREATED_AT) values (2122,'자네 탈락',1,2050,0,to_date('21/01/09','RR/MM/DD'));
Insert into NUKACOLA.COUNSELS (COUNSEL_NO,COUNSEL_CONTENT,COUNSEL_USER,APPLY_NO,COUNSEL_STATE,CREATED_AT) values (2123,'ㅋㅋㅋㅋㅋ',3,2050,1,to_date('21/01/09','RR/MM/DD'));
Insert into NUKACOLA.COUNSELS (COUNSEL_NO,COUNSEL_CONTENT,COUNSEL_USER,APPLY_NO,COUNSEL_STATE,CREATED_AT) values (2125,'안녕',1,2050,0,to_date('21/01/09','RR/MM/DD'));
Insert into NUKACOLA.COUNSELS (COUNSEL_NO,COUNSEL_CONTENT,COUNSEL_USER,APPLY_NO,COUNSEL_STATE,CREATED_AT) values (2127,'ㅎㅎㅎㅎ',3,2050,1,to_date('21/01/09','RR/MM/DD'));
Insert into NUKACOLA.COUNSELS (COUNSEL_NO,COUNSEL_CONTENT,COUNSEL_USER,APPLY_NO,COUNSEL_STATE,CREATED_AT) values (2129,'안녕하세요
',1,2054,0,to_date('21/01/10','RR/MM/DD'));
Insert into NUKACOLA.COUNSELS (COUNSEL_NO,COUNSEL_CONTENT,COUNSEL_USER,APPLY_NO,COUNSEL_STATE,CREATED_AT) values (2130,'안녕하세요',1,2054,0,to_date('21/01/10','RR/MM/DD'));
Insert into NUKACOLA.COUNSELS (COUNSEL_NO,COUNSEL_CONTENT,COUNSEL_USER,APPLY_NO,COUNSEL_STATE,CREATED_AT) values (2131,'아;;',1,2054,0,to_date('21/01/10','RR/MM/DD'));
Insert into NUKACOLA.COUNSELS (COUNSEL_NO,COUNSEL_CONTENT,COUNSEL_USER,APPLY_NO,COUNSEL_STATE,CREATED_AT) values (2132,'답변좀요!',1,2054,0,to_date('21/01/10','RR/MM/DD'));
Insert into NUKACOLA.COUNSELS (COUNSEL_NO,COUNSEL_CONTENT,COUNSEL_USER,APPLY_NO,COUNSEL_STATE,CREATED_AT) values (2133,'답변부탁드립니다.',1,2054,0,to_date('21/01/10','RR/MM/DD'));
Insert into NUKACOLA.COUNSELS (COUNSEL_NO,COUNSEL_CONTENT,COUNSEL_USER,APPLY_NO,COUNSEL_STATE,CREATED_AT) values (2134,'일이 많아서 늦었습니다.',37,2054,1,to_date('21/01/10','RR/MM/DD'));
Insert into NUKACOLA.COUNSELS (COUNSEL_NO,COUNSEL_CONTENT,COUNSEL_USER,APPLY_NO,COUNSEL_STATE,CREATED_AT) values (2135,'질문이 있을까요?',37,2054,1,to_date('21/01/10','RR/MM/DD'));
Insert into NUKACOLA.COUNSELS (COUNSEL_NO,COUNSEL_CONTENT,COUNSEL_USER,APPLY_NO,COUNSEL_STATE,CREATED_AT) values (2136,'강누카 지원자님?',2047,2059,1,to_date('21/01/11','RR/MM/DD'));
Insert into NUKACOLA.COUNSELS (COUNSEL_NO,COUNSEL_CONTENT,COUNSEL_USER,APPLY_NO,COUNSEL_STATE,CREATED_AT) values (2137,'강누카지원자님',2047,2059,1,to_date('21/01/11','RR/MM/DD'));
Insert into NUKACOLA.COUNSELS (COUNSEL_NO,COUNSEL_CONTENT,COUNSEL_USER,APPLY_NO,COUNSEL_STATE,CREATED_AT) values (2138,'대답이 없으신가요?',2047,2059,1,to_date('21/01/11','RR/MM/DD'));
Insert into NUKACOLA.COUNSELS (COUNSEL_NO,COUNSEL_CONTENT,COUNSEL_USER,APPLY_NO,COUNSEL_STATE,CREATED_AT) values (2139,'안녕하세요 강누카 지원자님?',2047,2059,1,to_date('21/01/11','RR/MM/DD'));
Insert into NUKACOLA.COUNSELS (COUNSEL_NO,COUNSEL_CONTENT,COUNSEL_USER,APPLY_NO,COUNSEL_STATE,CREATED_AT) values (2140,'안녕하세요 담당자님!',1,2059,0,to_date('21/01/11','RR/MM/DD'));
Insert into NUKACOLA.COUNSELS (COUNSEL_NO,COUNSEL_CONTENT,COUNSEL_USER,APPLY_NO,COUNSEL_STATE,CREATED_AT) values (2141,'실시간 채팅 가능합니다 뭘 도와드릴까요?',2047,2059,1,to_date('21/01/11','RR/MM/DD'));
Insert into NUKACOLA.COUNSELS (COUNSEL_NO,COUNSEL_CONTENT,COUNSEL_USER,APPLY_NO,COUNSEL_STATE,CREATED_AT) values (2142,'지원이 잘 되었을까요?',1,2059,0,to_date('21/01/11','RR/MM/DD'));
Insert into NUKACOLA.COUNSELS (COUNSEL_NO,COUNSEL_CONTENT,COUNSEL_USER,APPLY_NO,COUNSEL_STATE,CREATED_AT) values (2110,'지원할래요~',2035,2052,0,to_date('21/01/08','RR/MM/DD'));
Insert into NUKACOLA.COUNSELS (COUNSEL_NO,COUNSEL_CONTENT,COUNSEL_USER,APPLY_NO,COUNSEL_STATE,CREATED_AT) values (2111,'서류합격!!',2035,2052,0,to_date('21/01/08','RR/MM/DD'));
Insert into NUKACOLA.COUNSELS (COUNSEL_NO,COUNSEL_CONTENT,COUNSEL_USER,APPLY_NO,COUNSEL_STATE,CREATED_AT) values (2128,'ㅎㅇ',1,2050,0,to_date('21/01/09','RR/MM/DD'));
Insert into NUKACOLA.COUNSELS (COUNSEL_NO,COUNSEL_CONTENT,COUNSEL_USER,APPLY_NO,COUNSEL_STATE,CREATED_AT) values (2117,'e',1,2050,0,to_date('21/01/08','RR/MM/DD'));
Insert into NUKACOLA.COUNSELS (COUNSEL_NO,COUNSEL_CONTENT,COUNSEL_USER,APPLY_NO,COUNSEL_STATE,CREATED_AT) values (2118,'?
',1,2050,0,to_date('21/01/08','RR/MM/DD'));
Insert into NUKACOLA.COUNSELS (COUNSEL_NO,COUNSEL_CONTENT,COUNSEL_USER,APPLY_NO,COUNSEL_STATE,CREATED_AT) values (2119,'?',1,2050,0,to_date('21/01/08','RR/MM/DD'));
Insert into NUKACOLA.COUNSELS (COUNSEL_NO,COUNSEL_CONTENT,COUNSEL_USER,APPLY_NO,COUNSEL_STATE,CREATED_AT) values (2120,'뭐야이거',1,2050,0,to_date('21/01/08','RR/MM/DD'));
Insert into NUKACOLA.COUNSELS (COUNSEL_NO,COUNSEL_CONTENT,COUNSEL_USER,APPLY_NO,COUNSEL_STATE,CREATED_AT) values (2115,'ddd',1,2050,0,to_date('21/01/08','RR/MM/DD'));
Insert into NUKACOLA.COUNSELS (COUNSEL_NO,COUNSEL_CONTENT,COUNSEL_USER,APPLY_NO,COUNSEL_STATE,CREATED_AT) values (2116,'aaa',1,2050,0,to_date('21/01/08','RR/MM/DD'));
Insert into NUKACOLA.COUNSELS (COUNSEL_NO,COUNSEL_CONTENT,COUNSEL_USER,APPLY_NO,COUNSEL_STATE,CREATED_AT) values (2124,'잘 돼요?',1,2050,0,to_date('21/01/09','RR/MM/DD'));
Insert into NUKACOLA.COUNSELS (COUNSEL_NO,COUNSEL_CONTENT,COUNSEL_USER,APPLY_NO,COUNSEL_STATE,CREATED_AT) values (2126,'ㅎㅎㅎㅎ',3,2050,1,to_date('21/01/09','RR/MM/DD'));
REM INSERTING into NUKACOLA.DECLARES
SET DEFINE OFF;
Insert into NUKACOLA.DECLARES (USER_NO,RECRUIT_NO,DECLARE_TITLE,CREATED_AT) values (2047,2029,'악질기업',to_date('21/01/11','RR/MM/DD'));
Insert into NUKACOLA.DECLARES (USER_NO,RECRUIT_NO,DECLARE_TITLE,CREATED_AT) values (37,2030,'악질기업',to_date('21/01/07','RR/MM/DD'));
REM INSERTING into NUKACOLA.INDUSTRIES
SET DEFINE OFF;
Insert into NUKACOLA.INDUSTRIES (INDUS_NO,INDUS_NAME,CREATED_AT,UPDATED_AT) values (1,'모바일',to_date('20/12/21','RR/MM/DD'),to_date('20/12/21','RR/MM/DD'));
Insert into NUKACOLA.INDUSTRIES (INDUS_NO,INDUS_NAME,CREATED_AT,UPDATED_AT) values (2,'e-commerce',to_date('20/12/21','RR/MM/DD'),to_date('20/12/21','RR/MM/DD'));
Insert into NUKACOLA.INDUSTRIES (INDUS_NO,INDUS_NAME,CREATED_AT,UPDATED_AT) values (3,'IoT',to_date('20/12/21','RR/MM/DD'),to_date('20/12/21','RR/MM/DD'));
Insert into NUKACOLA.INDUSTRIES (INDUS_NO,INDUS_NAME,CREATED_AT,UPDATED_AT) values (4,'O2O',to_date('20/12/21','RR/MM/DD'),to_date('20/12/21','RR/MM/DD'));
Insert into NUKACOLA.INDUSTRIES (INDUS_NO,INDUS_NAME,CREATED_AT,UPDATED_AT) values (5,'핀테크',to_date('20/12/21','RR/MM/DD'),to_date('20/12/21','RR/MM/DD'));
Insert into NUKACOLA.INDUSTRIES (INDUS_NO,INDUS_NAME,CREATED_AT,UPDATED_AT) values (0,'웹서비스',to_date('20/12/21','RR/MM/DD'),to_date('20/12/21','RR/MM/DD'));
REM INSERTING into NUKACOLA.LIKES
SET DEFINE OFF;
Insert into NUKACOLA.LIKES (USER_NO,POST_NO,CREATED_AT) values (2035,2027,to_date('21/01/08','RR/MM/DD'));
Insert into NUKACOLA.LIKES (USER_NO,POST_NO,CREATED_AT) values (2035,2029,to_date('21/01/08','RR/MM/DD'));
Insert into NUKACOLA.LIKES (USER_NO,POST_NO,CREATED_AT) values (2035,2033,to_date('21/01/08','RR/MM/DD'));
Insert into NUKACOLA.LIKES (USER_NO,POST_NO,CREATED_AT) values (3,2,to_date('21/01/08','RR/MM/DD'));
Insert into NUKACOLA.LIKES (USER_NO,POST_NO,CREATED_AT) values (1,2022,to_date('21/01/03','RR/MM/DD'));
Insert into NUKACOLA.LIKES (USER_NO,POST_NO,CREATED_AT) values (2035,2028,to_date('21/01/08','RR/MM/DD'));
Insert into NUKACOLA.LIKES (USER_NO,POST_NO,CREATED_AT) values (35,2049,to_date('21/01/09','RR/MM/DD'));
Insert into NUKACOLA.LIKES (USER_NO,POST_NO,CREATED_AT) values (1,2043,to_date('21/01/09','RR/MM/DD'));
Insert into NUKACOLA.LIKES (USER_NO,POST_NO,CREATED_AT) values (1,2045,to_date('21/01/09','RR/MM/DD'));
Insert into NUKACOLA.LIKES (USER_NO,POST_NO,CREATED_AT) values (3,2028,to_date('21/01/08','RR/MM/DD'));
Insert into NUKACOLA.LIKES (USER_NO,POST_NO,CREATED_AT) values (35,2040,to_date('21/01/09','RR/MM/DD'));
Insert into NUKACOLA.LIKES (USER_NO,POST_NO,CREATED_AT) values (3,1,to_date('21/01/08','RR/MM/DD'));
Insert into NUKACOLA.LIKES (USER_NO,POST_NO,CREATED_AT) values (37,2048,to_date('21/01/09','RR/MM/DD'));
Insert into NUKACOLA.LIKES (USER_NO,POST_NO,CREATED_AT) values (1,2051,to_date('21/01/11','RR/MM/DD'));
Insert into NUKACOLA.LIKES (USER_NO,POST_NO,CREATED_AT) values (35,8,to_date('21/01/09','RR/MM/DD'));
Insert into NUKACOLA.LIKES (USER_NO,POST_NO,CREATED_AT) values (35,2021,to_date('21/01/07','RR/MM/DD'));
Insert into NUKACOLA.LIKES (USER_NO,POST_NO,CREATED_AT) values (35,2,to_date('21/01/08','RR/MM/DD'));
Insert into NUKACOLA.LIKES (USER_NO,POST_NO,CREATED_AT) values (1,2025,to_date('21/01/03','RR/MM/DD'));
Insert into NUKACOLA.LIKES (USER_NO,POST_NO,CREATED_AT) values (1,17,to_date('20/12/21','RR/MM/DD'));
Insert into NUKACOLA.LIKES (USER_NO,POST_NO,CREATED_AT) values (1,21,to_date('20/12/21','RR/MM/DD'));
Insert into NUKACOLA.LIKES (USER_NO,POST_NO,CREATED_AT) values (1,19,to_date('20/12/21','RR/MM/DD'));
Insert into NUKACOLA.LIKES (USER_NO,POST_NO,CREATED_AT) values (1,26,to_date('20/12/23','RR/MM/DD'));
Insert into NUKACOLA.LIKES (USER_NO,POST_NO,CREATED_AT) values (2047,2053,to_date('21/01/11','RR/MM/DD'));
Insert into NUKACOLA.LIKES (USER_NO,POST_NO,CREATED_AT) values (12,15,to_date('20/12/27','RR/MM/DD'));
Insert into NUKACOLA.LIKES (USER_NO,POST_NO,CREATED_AT) values (12,20,to_date('20/12/27','RR/MM/DD'));
Insert into NUKACOLA.LIKES (USER_NO,POST_NO,CREATED_AT) values (12,21,to_date('20/12/27','RR/MM/DD'));
Insert into NUKACOLA.LIKES (USER_NO,POST_NO,CREATED_AT) values (12,23,to_date('20/12/27','RR/MM/DD'));
Insert into NUKACOLA.LIKES (USER_NO,POST_NO,CREATED_AT) values (12,24,to_date('20/12/27','RR/MM/DD'));
Insert into NUKACOLA.LIKES (USER_NO,POST_NO,CREATED_AT) values (1,11,to_date('20/12/21','RR/MM/DD'));
Insert into NUKACOLA.LIKES (USER_NO,POST_NO,CREATED_AT) values (12,8,to_date('20/12/27','RR/MM/DD'));
Insert into NUKACOLA.LIKES (USER_NO,POST_NO,CREATED_AT) values (37,2045,to_date('21/01/10','RR/MM/DD'));
Insert into NUKACOLA.LIKES (USER_NO,POST_NO,CREATED_AT) values (35,2029,to_date('21/01/07','RR/MM/DD'));
Insert into NUKACOLA.LIKES (USER_NO,POST_NO,CREATED_AT) values (35,2028,to_date('21/01/07','RR/MM/DD'));
Insert into NUKACOLA.LIKES (USER_NO,POST_NO,CREATED_AT) values (35,2025,to_date('21/01/07','RR/MM/DD'));
Insert into NUKACOLA.LIKES (USER_NO,POST_NO,CREATED_AT) values (37,2056,to_date('21/01/11','RR/MM/DD'));
Insert into NUKACOLA.LIKES (USER_NO,POST_NO,CREATED_AT) values (37,1,to_date('21/01/08','RR/MM/DD'));
Insert into NUKACOLA.LIKES (USER_NO,POST_NO,CREATED_AT) values (37,2055,to_date('21/01/11','RR/MM/DD'));
REM INSERTING into NUKACOLA.MESSAGES
SET DEFINE OFF;
Insert into NUKACOLA.MESSAGES (MESSAGE_NO,MESSAGE_CONTENT,CREATED_AT,DELIVER_NO,RECIVER_NO,CHATROOM_NO) values (2294,'굽네는어때?',to_date('21/01/09','RR/MM/DD'),1,2044,2052);
Insert into NUKACOLA.MESSAGES (MESSAGE_NO,MESSAGE_CONTENT,CREATED_AT,DELIVER_NO,RECIVER_NO,CHATROOM_NO) values (2299,'나와',to_date('21/01/09','RR/MM/DD'),2044,1,2052);
Insert into NUKACOLA.MESSAGES (MESSAGE_NO,MESSAGE_CONTENT,CREATED_AT,DELIVER_NO,RECIVER_NO,CHATROOM_NO) values (2300,'뭐여 너',to_date('21/01/09','RR/MM/DD'),1,37,2051);
Insert into NUKACOLA.MESSAGES (MESSAGE_NO,MESSAGE_CONTENT,CREATED_AT,DELIVER_NO,RECIVER_NO,CHATROOM_NO) values (2301,'왜 안읽씹이여
',to_date('21/01/09','RR/MM/DD'),1,37,2051);
Insert into NUKACOLA.MESSAGES (MESSAGE_NO,MESSAGE_CONTENT,CREATED_AT,DELIVER_NO,RECIVER_NO,CHATROOM_NO) values (2302,'데브야 뭐하니',to_date('21/01/09','RR/MM/DD'),1,2,2053);
Insert into NUKACOLA.MESSAGES (MESSAGE_NO,MESSAGE_CONTENT,CREATED_AT,DELIVER_NO,RECIVER_NO,CHATROOM_NO) values (2291,'나에게 후참을 내리소서',to_date('21/01/09','RR/MM/DD'),1,37,2051);
Insert into NUKACOLA.MESSAGES (MESSAGE_NO,MESSAGE_CONTENT,CREATED_AT,DELIVER_NO,RECIVER_NO,CHATROOM_NO) values (2293,'에??',to_date('21/01/09','RR/MM/DD'),1,2044,2052);
Insert into NUKACOLA.MESSAGES (MESSAGE_NO,MESSAGE_CONTENT,CREATED_AT,DELIVER_NO,RECIVER_NO,CHATROOM_NO) values (2303,'누카야',to_date('21/01/09','RR/MM/DD'),1,3,2054);
Insert into NUKACOLA.MESSAGES (MESSAGE_NO,MESSAGE_CONTENT,CREATED_AT,DELIVER_NO,RECIVER_NO,CHATROOM_NO) values (2315,'맞아 한여름에 나왔는데 말이지
',to_date('21/01/11','RR/MM/DD'),2047,1,2057);
Insert into NUKACOLA.MESSAGES (MESSAGE_NO,MESSAGE_CONTENT,CREATED_AT,DELIVER_NO,RECIVER_NO,CHATROOM_NO) values (2309,'이제 일어남..',to_date('21/01/10','RR/MM/DD'),37,1,2051);
Insert into NUKACOLA.MESSAGES (MESSAGE_NO,MESSAGE_CONTENT,CREATED_AT,DELIVER_NO,RECIVER_NO,CHATROOM_NO) values (2310,'밥좀먹자',to_date('21/01/10','RR/MM/DD'),37,1,2051);
Insert into NUKACOLA.MESSAGES (MESSAGE_NO,MESSAGE_CONTENT,CREATED_AT,DELIVER_NO,RECIVER_NO,CHATROOM_NO) values (2311,'안녕!!!',to_date('21/01/10','RR/MM/DD'),1,2034,2055);
Insert into NUKACOLA.MESSAGES (MESSAGE_NO,MESSAGE_CONTENT,CREATED_AT,DELIVER_NO,RECIVER_NO,CHATROOM_NO) values (2312,'야 너 그거 알아 내일 수료식이래',to_date('21/01/11','RR/MM/DD'),1,2047,2057);
Insert into NUKACOLA.MESSAGES (MESSAGE_NO,MESSAGE_CONTENT,CREATED_AT,DELIVER_NO,RECIVER_NO,CHATROOM_NO) values (2313,'에엥? 무슨일이지 시간이 순삭이야',to_date('21/01/11','RR/MM/DD'),2047,1,2057);
Insert into NUKACOLA.MESSAGES (MESSAGE_NO,MESSAGE_CONTENT,CREATED_AT,DELIVER_NO,RECIVER_NO,CHATROOM_NO) values (2314,'시간 참 빠르지 ㅋㅋ',to_date('21/01/11','RR/MM/DD'),1,2047,2057);
Insert into NUKACOLA.MESSAGES (MESSAGE_NO,MESSAGE_CONTENT,CREATED_AT,DELIVER_NO,RECIVER_NO,CHATROOM_NO) values (2307,'안녕!',to_date('21/01/10','RR/MM/DD'),1,2034,2055);
Insert into NUKACOLA.MESSAGES (MESSAGE_NO,MESSAGE_CONTENT,CREATED_AT,DELIVER_NO,RECIVER_NO,CHATROOM_NO) values (2308,'안녕!',to_date('21/01/10','RR/MM/DD'),1,2023,2056);
Insert into NUKACOLA.MESSAGES (MESSAGE_NO,MESSAGE_CONTENT,CREATED_AT,DELIVER_NO,RECIVER_NO,CHATROOM_NO) values (2288,'ㅋㅋㅋㅋ',to_date('21/01/09','RR/MM/DD'),1,30,2049);
Insert into NUKACOLA.MESSAGES (MESSAGE_NO,MESSAGE_CONTENT,CREATED_AT,DELIVER_NO,RECIVER_NO,CHATROOM_NO) values (2304,'아 자고 있었어!',to_date('21/01/10','RR/MM/DD'),1,37,2051);
Insert into NUKACOLA.MESSAGES (MESSAGE_NO,MESSAGE_CONTENT,CREATED_AT,DELIVER_NO,RECIVER_NO,CHATROOM_NO) values (2305,'자고있냐!',to_date('21/01/10','RR/MM/DD'),1,37,2051);
Insert into NUKACOLA.MESSAGES (MESSAGE_NO,MESSAGE_CONTENT,CREATED_AT,DELIVER_NO,RECIVER_NO,CHATROOM_NO) values (2306,'맞아 어제 플젝 마지막날이었거든ㄷㄷ',to_date('21/01/10','RR/MM/DD'),37,1,2051);
Insert into NUKACOLA.MESSAGES (MESSAGE_NO,MESSAGE_CONTENT,CREATED_AT,DELIVER_NO,RECIVER_NO,CHATROOM_NO) values (2286,'하핳',to_date('21/01/09','RR/MM/DD'),1,30,2049);
Insert into NUKACOLA.MESSAGES (MESSAGE_NO,MESSAGE_CONTENT,CREATED_AT,DELIVER_NO,RECIVER_NO,CHATROOM_NO) values (2287,'호야',to_date('21/01/09','RR/MM/DD'),30,1,2049);
Insert into NUKACOLA.MESSAGES (MESSAGE_NO,MESSAGE_CONTENT,CREATED_AT,DELIVER_NO,RECIVER_NO,CHATROOM_NO) values (2289,'부엉부엉',to_date('21/01/09','RR/MM/DD'),1,2029,2050);
Insert into NUKACOLA.MESSAGES (MESSAGE_NO,MESSAGE_CONTENT,CREATED_AT,DELIVER_NO,RECIVER_NO,CHATROOM_NO) values (2290,'후참사주라',to_date('21/01/09','RR/MM/DD'),1,37,2051);
Insert into NUKACOLA.MESSAGES (MESSAGE_NO,MESSAGE_CONTENT,CREATED_AT,DELIVER_NO,RECIVER_NO,CHATROOM_NO) values (2292,'후참줘요후참',to_date('21/01/09','RR/MM/DD'),2044,1,2052);
Insert into NUKACOLA.MESSAGES (MESSAGE_NO,MESSAGE_CONTENT,CREATED_AT,DELIVER_NO,RECIVER_NO,CHATROOM_NO) values (2295,'60계로가자',to_date('21/01/09','RR/MM/DD'),2044,1,2052);
Insert into NUKACOLA.MESSAGES (MESSAGE_NO,MESSAGE_CONTENT,CREATED_AT,DELIVER_NO,RECIVER_NO,CHATROOM_NO) values (2296,'60계는 못참지',to_date('21/01/09','RR/MM/DD'),1,2044,2052);
Insert into NUKACOLA.MESSAGES (MESSAGE_NO,MESSAGE_CONTENT,CREATED_AT,DELIVER_NO,RECIVER_NO,CHATROOM_NO) values (2297,'허니콤보도 ㄱㄱ',to_date('21/01/09','RR/MM/DD'),2044,1,2052);
Insert into NUKACOLA.MESSAGES (MESSAGE_NO,MESSAGE_CONTENT,CREATED_AT,DELIVER_NO,RECIVER_NO,CHATROOM_NO) values (2284,'야호',to_date('21/01/09','RR/MM/DD'),30,1,2049);
Insert into NUKACOLA.MESSAGES (MESSAGE_NO,MESSAGE_CONTENT,CREATED_AT,DELIVER_NO,RECIVER_NO,CHATROOM_NO) values (2285,'뭐지',to_date('21/01/09','RR/MM/DD'),30,1,2049);
Insert into NUKACOLA.MESSAGES (MESSAGE_NO,MESSAGE_CONTENT,CREATED_AT,DELIVER_NO,RECIVER_NO,CHATROOM_NO) values (2298,'카스생맥도 ㄱㄱㄱ',to_date('21/01/09','RR/MM/DD'),1,2044,2052);
REM INSERTING into NUKACOLA.POSTS
SET DEFINE OFF;
Insert into NUKACOLA.POSTS (POST_NO,POST_CONTENT,POST_IMAGE,CREATED_AT,UPDATED_AT,USER_NO) values (2025,'여기 좋네요',null,to_date('21/01/03','RR/MM/DD'),to_date('21/01/03','RR/MM/DD'),30);
Insert into NUKACOLA.POSTS (POST_NO,POST_CONTENT,POST_IMAGE,CREATED_AT,UPDATED_AT,USER_NO) values (2029,'44444',null,to_date('21/01/07','RR/MM/DD'),to_date('21/01/07','RR/MM/DD'),30);
Insert into NUKACOLA.POSTS (POST_NO,POST_CONTENT,POST_IMAGE,CREATED_AT,UPDATED_AT,USER_NO) values (2021,'eddd',null,to_date('21/01/02','RR/MM/DD'),to_date('21/01/02','RR/MM/DD'),30);
Insert into NUKACOLA.POSTS (POST_NO,POST_CONTENT,POST_IMAGE,CREATED_AT,UPDATED_AT,USER_NO) values (2022,'안녕
',null,to_date('21/01/02','RR/MM/DD'),to_date('21/01/02','RR/MM/DD'),30);
Insert into NUKACOLA.POSTS (POST_NO,POST_CONTENT,POST_IMAGE,CREATED_AT,UPDATED_AT,USER_NO) values (2023,'오늘 첨왔어요!',null,to_date('21/01/02','RR/MM/DD'),to_date('21/01/02','RR/MM/DD'),2022);
Insert into NUKACOLA.POSTS (POST_NO,POST_CONTENT,POST_IMAGE,CREATED_AT,UPDATED_AT,USER_NO) values (2049,'배가고파요..',null,to_date('21/01/09','RR/MM/DD'),to_date('21/01/09','RR/MM/DD'),1);
Insert into NUKACOLA.POSTS (POST_NO,POST_CONTENT,POST_IMAGE,CREATED_AT,UPDATED_AT,USER_NO) values (2045,'2021-01-09 홧팅!',null,to_date('21/01/09','RR/MM/DD'),to_date('21/01/09','RR/MM/DD'),1);
Insert into NUKACOLA.POSTS (POST_NO,POST_CONTENT,POST_IMAGE,CREATED_AT,UPDATED_AT,USER_NO) values (2033,'ㅁㅁㅁ',null,to_date('21/01/08','RR/MM/DD'),to_date('21/01/08','RR/MM/DD'),2035);
Insert into NUKACOLA.POSTS (POST_NO,POST_CONTENT,POST_IMAGE,CREATED_AT,UPDATED_AT,USER_NO) values (2040,'123456789123456수정?',null,to_date('21/01/08','RR/MM/DD'),to_date('21/01/08','RR/MM/DD'),35);
Insert into NUKACOLA.POSTS (POST_NO,POST_CONTENT,POST_IMAGE,CREATED_AT,UPDATED_AT,USER_NO) values (2048,'요즘 붕어빵 파나요?',null,to_date('21/01/09','RR/MM/DD'),to_date('21/01/09','RR/MM/DD'),1);
Insert into NUKACOLA.POSTS (POST_NO,POST_CONTENT,POST_IMAGE,CREATED_AT,UPDATED_AT,USER_NO) values (1,'와우 오늘은 디비가 날라갔지만 화타 원근 센세가 복구했습니다. 이날을 기억합시다
12/30',null,to_date('20/12/30','RR/MM/DD'),to_date('20/12/30','RR/MM/DD'),37);
Insert into NUKACOLA.POSTS (POST_NO,POST_CONTENT,POST_IMAGE,CREATED_AT,UPDATED_AT,USER_NO) values (2,'게시글 안써지나요?',null,to_date('20/12/30','RR/MM/DD'),to_date('20/12/30','RR/MM/DD'),37);
Insert into NUKACOLA.POSTS (POST_NO,POST_CONTENT,POST_IMAGE,CREATED_AT,UPDATED_AT,USER_NO) values (2031,'3333222',null,to_date('21/01/08','RR/MM/DD'),to_date('21/01/08','RR/MM/DD'),30);
Insert into NUKACOLA.POSTS (POST_NO,POST_CONTENT,POST_IMAGE,CREATED_AT,UPDATED_AT,USER_NO) values (2051,'몰라요..',null,to_date('21/01/09','RR/MM/DD'),to_date('21/01/09','RR/MM/DD'),1);
Insert into NUKACOLA.POSTS (POST_NO,POST_CONTENT,POST_IMAGE,CREATED_AT,UPDATED_AT,USER_NO) values (19,'424242',null,to_date('20/12/21','RR/MM/DD'),to_date('20/12/21','RR/MM/DD'),33);
Insert into NUKACOLA.POSTS (POST_NO,POST_CONTENT,POST_IMAGE,CREATED_AT,UPDATED_AT,USER_NO) values (9,'기쁜일',null,to_date('20/12/16','RR/MM/DD'),to_date('20/12/16','RR/MM/DD'),12);
Insert into NUKACOLA.POSTS (POST_NO,POST_CONTENT,POST_IMAGE,CREATED_AT,UPDATED_AT,USER_NO) values (10,'기쁜일요','resources/uploads/2020121621144567861.jpg',to_date('20/12/16','RR/MM/DD'),to_date('20/12/16','RR/MM/DD'),12);
Insert into NUKACOLA.POSTS (POST_NO,POST_CONTENT,POST_IMAGE,CREATED_AT,UPDATED_AT,USER_NO) values (20,'35235235',null,to_date('20/12/21','RR/MM/DD'),to_date('20/12/21','RR/MM/DD'),33);
Insert into NUKACOLA.POSTS (POST_NO,POST_CONTENT,POST_IMAGE,CREATED_AT,UPDATED_AT,USER_NO) values (2053,'2021년 모두 취뽀!',null,to_date('21/01/11','RR/MM/DD'),to_date('21/01/11','RR/MM/DD'),2047);
Insert into NUKACOLA.POSTS (POST_NO,POST_CONTENT,POST_IMAGE,CREATED_AT,UPDATED_AT,USER_NO) values (5,'123123',null,to_date('20/12/15','RR/MM/DD'),to_date('20/12/15','RR/MM/DD'),33);
Insert into NUKACOLA.POSTS (POST_NO,POST_CONTENT,POST_IMAGE,CREATED_AT,UPDATED_AT,USER_NO) values (6,'123123',null,to_date('20/12/15','RR/MM/DD'),to_date('20/12/15','RR/MM/DD'),33);
Insert into NUKACOLA.POSTS (POST_NO,POST_CONTENT,POST_IMAGE,CREATED_AT,UPDATED_AT,USER_NO) values (7,'444',null,to_date('20/12/15','RR/MM/DD'),to_date('20/12/15','RR/MM/DD'),33);
Insert into NUKACOLA.POSTS (POST_NO,POST_CONTENT,POST_IMAGE,CREATED_AT,UPDATED_AT,USER_NO) values (8,'5151',null,to_date('20/12/15','RR/MM/DD'),to_date('20/12/15','RR/MM/DD'),33);
Insert into NUKACOLA.POSTS (POST_NO,POST_CONTENT,POST_IMAGE,CREATED_AT,UPDATED_AT,USER_NO) values (11,'?',null,to_date('20/12/16','RR/MM/DD'),to_date('20/12/16','RR/MM/DD'),12);
Insert into NUKACOLA.POSTS (POST_NO,POST_CONTENT,POST_IMAGE,CREATED_AT,UPDATED_AT,USER_NO) values (12,'14141414',null,to_date('20/12/19','RR/MM/DD'),to_date('20/12/19','RR/MM/DD'),33);
Insert into NUKACOLA.POSTS (POST_NO,POST_CONTENT,POST_IMAGE,CREATED_AT,UPDATED_AT,USER_NO) values (13,'222',null,to_date('20/12/19','RR/MM/DD'),to_date('20/12/19','RR/MM/DD'),33);
Insert into NUKACOLA.POSTS (POST_NO,POST_CONTENT,POST_IMAGE,CREATED_AT,UPDATED_AT,USER_NO) values (14,'333',null,to_date('20/12/19','RR/MM/DD'),to_date('20/12/19','RR/MM/DD'),33);
Insert into NUKACOLA.POSTS (POST_NO,POST_CONTENT,POST_IMAGE,CREATED_AT,UPDATED_AT,USER_NO) values (15,'444',null,to_date('20/12/19','RR/MM/DD'),to_date('20/12/19','RR/MM/DD'),33);
Insert into NUKACOLA.POSTS (POST_NO,POST_CONTENT,POST_IMAGE,CREATED_AT,UPDATED_AT,USER_NO) values (16,'444',null,to_date('20/12/19','RR/MM/DD'),to_date('20/12/19','RR/MM/DD'),33);
Insert into NUKACOLA.POSTS (POST_NO,POST_CONTENT,POST_IMAGE,CREATED_AT,UPDATED_AT,USER_NO) values (17,'55555666',null,to_date('20/12/19','RR/MM/DD'),to_date('20/12/19','RR/MM/DD'),33);
Insert into NUKACOLA.POSTS (POST_NO,POST_CONTENT,POST_IMAGE,CREATED_AT,UPDATED_AT,USER_NO) values (21,'321',null,to_date('20/12/21','RR/MM/DD'),to_date('20/12/21','RR/MM/DD'),33);
Insert into NUKACOLA.POSTS (POST_NO,POST_CONTENT,POST_IMAGE,CREATED_AT,UPDATED_AT,USER_NO) values (24,'?',null,to_date('20/12/22','RR/MM/DD'),to_date('20/12/22','RR/MM/DD'),12);
Insert into NUKACOLA.POSTS (POST_NO,POST_CONTENT,POST_IMAGE,CREATED_AT,UPDATED_AT,USER_NO) values (26,'12월 23일 시행한 솔로 검사 결과 ''양성'' 입니다.',null,to_date('20/12/23','RR/MM/DD'),to_date('20/12/23','RR/MM/DD'),30);
Insert into NUKACOLA.POSTS (POST_NO,POST_CONTENT,POST_IMAGE,CREATED_AT,UPDATED_AT,USER_NO) values (18,'123123',null,to_date('20/12/21','RR/MM/DD'),to_date('20/12/21','RR/MM/DD'),33);
Insert into NUKACOLA.POSTS (POST_NO,POST_CONTENT,POST_IMAGE,CREATED_AT,UPDATED_AT,USER_NO) values (23,'dd',null,to_date('20/12/22','RR/MM/DD'),to_date('20/12/22','RR/MM/DD'),12);
Insert into NUKACOLA.POSTS (POST_NO,POST_CONTENT,POST_IMAGE,CREATED_AT,UPDATED_AT,USER_NO) values (22,'??',null,to_date('20/12/22','RR/MM/DD'),to_date('20/12/22','RR/MM/DD'),12);
Insert into NUKACOLA.POSTS (POST_NO,POST_CONTENT,POST_IMAGE,CREATED_AT,UPDATED_AT,USER_NO) values (2027,'제 블로그 많이 와주세요','resources/uploads/2021010718164990788.JPG',to_date('21/01/07','RR/MM/DD'),to_date('21/01/07','RR/MM/DD'),37);
Insert into NUKACOLA.POSTS (POST_NO,POST_CONTENT,POST_IMAGE,CREATED_AT,UPDATED_AT,USER_NO) values (2028,'제 블로그 많이 와주세요','resources/uploads/2021010718171111352.JPG',to_date('21/01/07','RR/MM/DD'),to_date('21/01/07','RR/MM/DD'),37);
Insert into NUKACOLA.POSTS (POST_NO,POST_CONTENT,POST_IMAGE,CREATED_AT,UPDATED_AT,USER_NO) values (2043,'333333333333333수정',null,to_date('21/01/08','RR/MM/DD'),to_date('21/01/08','RR/MM/DD'),35);
Insert into NUKACOLA.POSTS (POST_NO,POST_CONTENT,POST_IMAGE,CREATED_AT,UPDATED_AT,USER_NO) values (2041,'1111111111111111111111111111
',null,to_date('21/01/08','RR/MM/DD'),to_date('21/01/08','RR/MM/DD'),35);
Insert into NUKACOLA.POSTS (POST_NO,POST_CONTENT,POST_IMAGE,CREATED_AT,UPDATED_AT,USER_NO) values (2042,'222222222222222222222',null,to_date('21/01/08','RR/MM/DD'),to_date('21/01/08','RR/MM/DD'),35);
Insert into NUKACOLA.POSTS (POST_NO,POST_CONTENT,POST_IMAGE,CREATED_AT,UPDATED_AT,USER_NO) values (2055,'2021 모두 취업 가즈아!',null,to_date('21/01/11','RR/MM/DD'),to_date('21/01/11','RR/MM/DD'),37);
Insert into NUKACOLA.POSTS (POST_NO,POST_CONTENT,POST_IMAGE,CREATED_AT,UPDATED_AT,USER_NO) values (2054,'2021 모두 취업 성공하세요!',null,to_date('21/01/11','RR/MM/DD'),to_date('21/01/11','RR/MM/DD'),2047);
Insert into NUKACOLA.POSTS (POST_NO,POST_CONTENT,POST_IMAGE,CREATED_AT,UPDATED_AT,USER_NO) values (2056,'2021 모두 취업 가즈아!',null,to_date('21/01/11','RR/MM/DD'),to_date('21/01/11','RR/MM/DD'),37);
REM INSERTING into NUKACOLA.PROJECTS
SET DEFINE OFF;
Insert into NUKACOLA.PROJECTS (PROJECT_ID,PROJECT_NAME,PROJECT_POSITION,USER_NO,PROJECT_START,PROJECT_END) values (2025,'구글 침투작전','DevOps',1,'2021-01-01','2022-01-01');
Insert into NUKACOLA.PROJECTS (PROJECT_ID,PROJECT_NAME,PROJECT_POSITION,USER_NO,PROJECT_START,PROJECT_END) values (2029,'누카콜라','Back-end',37,'2020-11-12','2021-01-12');
Insert into NUKACOLA.PROJECTS (PROJECT_ID,PROJECT_NAME,PROJECT_POSITION,USER_NO,PROJECT_START,PROJECT_END) values (2,'야후코리아 폐쇄작전','프론트엔드',1,'2020.01.01','2020.05.05');
Insert into NUKACOLA.PROJECTS (PROJECT_ID,PROJECT_NAME,PROJECT_POSITION,USER_NO,PROJECT_START,PROJECT_END) values (5,'기도 프로젝트','프론트엔드',1,'2020.05.05','2020.08.08');
Insert into NUKACOLA.PROJECTS (PROJECT_ID,PROJECT_NAME,PROJECT_POSITION,USER_NO,PROJECT_START,PROJECT_END) values (14,'플젝','화면',12,'2020.01.01','2020.02.02');
Insert into NUKACOLA.PROJECTS (PROJECT_ID,PROJECT_NAME,PROJECT_POSITION,USER_NO,PROJECT_START,PROJECT_END) values (15,'플젝투','메모리',12,'2010.10.10','2020.03.10');
Insert into NUKACOLA.PROJECTS (PROJECT_ID,PROJECT_NAME,PROJECT_POSITION,USER_NO,PROJECT_START,PROJECT_END) values (2021,'기도 프로젝트','프론트엔드',30,'2020.06.03','2020.05.05');
Insert into NUKACOLA.PROJECTS (PROJECT_ID,PROJECT_NAME,PROJECT_POSITION,USER_NO,PROJECT_START,PROJECT_END) values (2023,'기도 프로젝트','프론트엔드',30,'2020.01.01','2020.07.09');
REM INSERTING into NUKACOLA.RECRUITS
SET DEFINE OFF;
Insert into NUKACOLA.RECRUITS (RECRUIT_NO,RECRUIT_TITLE,RECRUIT_INFO,RECRUIT_STATE,RECRUIT_MAIN,RECURIT_POSI,RECRUIT_IMG,RECRUIT_MINSALARY,RECRUIT_MAXSALARY,RECRUIT_REQU,RECRUIT_DL,RECRUIT_COUNT,COMP_NO,CREATED_AT) values (2042,'월급 루팡을 구합니다. 만세!','밤새 코딩합니다 설마 루팡할줄이야?',0,'월급 루팡합니다.!',1,'rupang.png','1500',3699,0,'01/28/2021',0,2026,to_date('21/01/11','RR/MM/DD'));
Insert into NUKACOLA.RECRUITS (RECRUIT_NO,RECRUIT_TITLE,RECRUIT_INFO,RECRUIT_STATE,RECRUIT_MAIN,RECURIT_POSI,RECRUIT_IMG,RECRUIT_MINSALARY,RECRUIT_MAXSALARY,RECRUIT_REQU,RECRUIT_DL,RECRUIT_COUNT,COMP_NO,CREATED_AT) values (2037,'디자이너를 구합니다.','최고의 업무최고의 업무최고의 업무최고의 업무최고의 업무',0,'최고의 업무최고의 업무최고의 업무최고의 업무최고의 업무',1,'img_bg_3.jpg','4610',9995,0,'01/25/2021',0,81,to_date('21/01/04','RR/MM/DD'));
Insert into NUKACOLA.RECRUITS (RECRUIT_NO,RECRUIT_TITLE,RECRUIT_INFO,RECRUIT_STATE,RECRUIT_MAIN,RECURIT_POSI,RECRUIT_IMG,RECRUIT_MINSALARY,RECRUIT_MAXSALARY,RECRUIT_REQU,RECRUIT_DL,RECRUIT_COUNT,COMP_NO,CREATED_AT) values (2040,'잘부탁드립니다.','잘부탁드려요',0,'숨쉬세요',1,null,'3370',4653,1,'02/05/2021',0,77,to_date('21/01/09','RR/MM/DD'));
Insert into NUKACOLA.RECRUITS (RECRUIT_NO,RECRUIT_TITLE,RECRUIT_INFO,RECRUIT_STATE,RECRUIT_MAIN,RECURIT_POSI,RECRUIT_IMG,RECRUIT_MINSALARY,RECRUIT_MAXSALARY,RECRUIT_REQU,RECRUIT_DL,RECRUIT_COUNT,COMP_NO,CREATED_AT) values (2041,'월급 루팡을 구합니다.','월급 제대로 루팡해봅시다.',0,'월급 루팡하기',1,'rupang.png','1390',7792,0,'01/25/2021',0,81,to_date('21/01/10','RR/MM/DD'));
Insert into NUKACOLA.RECRUITS (RECRUIT_NO,RECRUIT_TITLE,RECRUIT_INFO,RECRUIT_STATE,RECRUIT_MAIN,RECURIT_POSI,RECRUIT_IMG,RECRUIT_MINSALARY,RECRUIT_MAXSALARY,RECRUIT_REQU,RECRUIT_DL,RECRUIT_COUNT,COMP_NO,CREATED_AT) values (2028,'암 디좌이너 연봉 4천만','asdfasdfasdfasdf',0,'asdfasdfasdfasdf',1,'moomin.jpg','5130',9994,0,'12/25/2021',0,1,to_date('21/01/03','RR/MM/DD'));
Insert into NUKACOLA.RECRUITS (RECRUIT_NO,RECRUIT_TITLE,RECRUIT_INFO,RECRUIT_STATE,RECRUIT_MAIN,RECURIT_POSI,RECRUIT_IMG,RECRUIT_MINSALARY,RECRUIT_MAXSALARY,RECRUIT_REQU,RECRUIT_DL,RECRUIT_COUNT,COMP_NO,CREATED_AT) values (2029,'스타벅스','젊고 건강한 인재를 원합니다',0,'커피만들기가 주업무업니다.',1,'moomin.jpg','5130',9994,0,'12/25/2021',0,1,to_date('21/01/03','RR/MM/DD'));
Insert into NUKACOLA.RECRUITS (RECRUIT_NO,RECRUIT_TITLE,RECRUIT_INFO,RECRUIT_STATE,RECRUIT_MAIN,RECURIT_POSI,RECRUIT_IMG,RECRUIT_MINSALARY,RECRUIT_MAXSALARY,RECRUIT_REQU,RECRUIT_DL,RECRUIT_COUNT,COMP_NO,CREATED_AT) values (2030,'모집한다 구글에서 Front-end developer','혈액형 B 만 모집합니다',0,'커피만들기가 주업무업니다.',1,'moomin.jpg','5130',9994,0,'12/25/2021',0,1,to_date('21/01/03','RR/MM/DD'));
Insert into NUKACOLA.RECRUITS (RECRUIT_NO,RECRUIT_TITLE,RECRUIT_INFO,RECRUIT_STATE,RECRUIT_MAIN,RECURIT_POSI,RECRUIT_IMG,RECRUIT_MINSALARY,RECRUIT_MAXSALARY,RECRUIT_REQU,RECRUIT_DL,RECRUIT_COUNT,COMP_NO,CREATED_AT) values (2031,'모집한다 NASA에서 Front-end developer','혈액형 B 만 모집합니다',0,'커피만들기가 주업무업니다.',1,'moomin.jpg','5130',9994,0,'01/08/2021',0,1,to_date('21/01/03','RR/MM/DD'));
Insert into NUKACOLA.RECRUITS (RECRUIT_NO,RECRUIT_TITLE,RECRUIT_INFO,RECRUIT_STATE,RECRUIT_MAIN,RECURIT_POSI,RECRUIT_IMG,RECRUIT_MINSALARY,RECRUIT_MAXSALARY,RECRUIT_REQU,RECRUIT_DL,RECRUIT_COUNT,COMP_NO,CREATED_AT) values (3,'공고제목3','능력있는사람',0,'먹기',2,null,'3000',3500,0,'01/23/2021',0,1,to_date('20/12/27','RR/MM/DD'));
Insert into NUKACOLA.RECRUITS (RECRUIT_NO,RECRUIT_TITLE,RECRUIT_INFO,RECRUIT_STATE,RECRUIT_MAIN,RECURIT_POSI,RECRUIT_IMG,RECRUIT_MINSALARY,RECRUIT_MAXSALARY,RECRUIT_REQU,RECRUIT_DL,RECRUIT_COUNT,COMP_NO,CREATED_AT) values (4,'공고제목4','재치있는',0,'자기',1,null,'3500',3500,1,'12/31/2021',0,1,to_date('20/12/28','RR/MM/DD'));
Insert into NUKACOLA.RECRUITS (RECRUIT_NO,RECRUIT_TITLE,RECRUIT_INFO,RECRUIT_STATE,RECRUIT_MAIN,RECURIT_POSI,RECRUIT_IMG,RECRUIT_MINSALARY,RECRUIT_MAXSALARY,RECRUIT_REQU,RECRUIT_DL,RECRUIT_COUNT,COMP_NO,CREATED_AT) values (5,'공고제목5','그런',0,'일하기',1,null,'2800',3000,2,'02/15/2021',0,1,to_date('20/11/29','RR/MM/DD'));
Insert into NUKACOLA.RECRUITS (RECRUIT_NO,RECRUIT_TITLE,RECRUIT_INFO,RECRUIT_STATE,RECRUIT_MAIN,RECURIT_POSI,RECRUIT_IMG,RECRUIT_MINSALARY,RECRUIT_MAXSALARY,RECRUIT_REQU,RECRUIT_DL,RECRUIT_COUNT,COMP_NO,CREATED_AT) values (6,'공고제목6','사람',0,'씻기',2,null,'1900',5000,2,'01/28/2020',0,81,to_date('20/11/30','RR/MM/DD'));
Insert into NUKACOLA.RECRUITS (RECRUIT_NO,RECRUIT_TITLE,RECRUIT_INFO,RECRUIT_STATE,RECRUIT_MAIN,RECURIT_POSI,RECRUIT_IMG,RECRUIT_MINSALARY,RECRUIT_MAXSALARY,RECRUIT_REQU,RECRUIT_DL,RECRUIT_COUNT,COMP_NO,CREATED_AT) values (7,'공고제목7','채용합니다',1,'놀기',0,null,'2000',4500,0,'12/12/2020',0,81,to_date('20/12/01','RR/MM/DD'));
Insert into NUKACOLA.RECRUITS (RECRUIT_NO,RECRUIT_TITLE,RECRUIT_INFO,RECRUIT_STATE,RECRUIT_MAIN,RECURIT_POSI,RECRUIT_IMG,RECRUIT_MINSALARY,RECRUIT_MAXSALARY,RECRUIT_REQU,RECRUIT_DL,RECRUIT_COUNT,COMP_NO,CREATED_AT) values (8,'안녕','ㅁㄴㅇㄻㄴㄹ',0,'sdfasdfasdf',1,null,'0',10000,0,'01/25/2021',0,81,to_date('20/12/29','RR/MM/DD'));
Insert into NUKACOLA.RECRUITS (RECRUIT_NO,RECRUIT_TITLE,RECRUIT_INFO,RECRUIT_STATE,RECRUIT_MAIN,RECURIT_POSI,RECRUIT_IMG,RECRUIT_MINSALARY,RECRUIT_MAXSALARY,RECRUIT_REQU,RECRUIT_DL,RECRUIT_COUNT,COMP_NO,CREATED_AT) values (1,'공고제목1','건강한사람',0,'야간',2,null,'2000',3000,1,'12/28/2021',0,1,to_date('20/12/25','RR/MM/DD'));
Insert into NUKACOLA.RECRUITS (RECRUIT_NO,RECRUIT_TITLE,RECRUIT_INFO,RECRUIT_STATE,RECRUIT_MAIN,RECURIT_POSI,RECRUIT_IMG,RECRUIT_MINSALARY,RECRUIT_MAXSALARY,RECRUIT_REQU,RECRUIT_DL,RECRUIT_COUNT,COMP_NO,CREATED_AT) values (2,'공고제목2','책임감강한사람',0,'야간',0,null,'3000',3000,0,'01/31/2021',0,1,to_date('20/12/26','RR/MM/DD'));
Insert into NUKACOLA.RECRUITS (RECRUIT_NO,RECRUIT_TITLE,RECRUIT_INFO,RECRUIT_STATE,RECRUIT_MAIN,RECURIT_POSI,RECRUIT_IMG,RECRUIT_MINSALARY,RECRUIT_MAXSALARY,RECRUIT_REQU,RECRUIT_DL,RECRUIT_COUNT,COMP_NO,CREATED_AT) values (9,'암 디좌이너 연봉 5천만','asdfasdfasdfasdf',0,'asdfasdfasdfasdf',1,'moomin.jpg','5130',9994,0,'12/25/2020',0,81,to_date('20/12/29','RR/MM/DD'));
REM INSERTING into NUKACOLA.RECRUIT_SKILLS
SET DEFINE OFF;
Insert into NUKACOLA.RECRUIT_SKILLS (RECRUIT_NO,SKILL_NO,CREATED_AT) values (2042,5,to_date('21/01/11','RR/MM/DD'));
Insert into NUKACOLA.RECRUIT_SKILLS (RECRUIT_NO,SKILL_NO,CREATED_AT) values (2042,12,to_date('21/01/11','RR/MM/DD'));
Insert into NUKACOLA.RECRUIT_SKILLS (RECRUIT_NO,SKILL_NO,CREATED_AT) values (2042,17,to_date('21/01/11','RR/MM/DD'));
Insert into NUKACOLA.RECRUIT_SKILLS (RECRUIT_NO,SKILL_NO,CREATED_AT) values (2037,5,to_date('21/01/04','RR/MM/DD'));
Insert into NUKACOLA.RECRUIT_SKILLS (RECRUIT_NO,SKILL_NO,CREATED_AT) values (2037,26,to_date('21/01/04','RR/MM/DD'));
Insert into NUKACOLA.RECRUIT_SKILLS (RECRUIT_NO,SKILL_NO,CREATED_AT) values (2037,3,to_date('21/01/04','RR/MM/DD'));
Insert into NUKACOLA.RECRUIT_SKILLS (RECRUIT_NO,SKILL_NO,CREATED_AT) values (2041,5,to_date('21/01/10','RR/MM/DD'));
Insert into NUKACOLA.RECRUIT_SKILLS (RECRUIT_NO,SKILL_NO,CREATED_AT) values (2041,12,to_date('21/01/10','RR/MM/DD'));
Insert into NUKACOLA.RECRUIT_SKILLS (RECRUIT_NO,SKILL_NO,CREATED_AT) values (2041,26,to_date('21/01/10','RR/MM/DD'));
Insert into NUKACOLA.RECRUIT_SKILLS (RECRUIT_NO,SKILL_NO,CREATED_AT) values (5,3,to_date('20/12/23','RR/MM/DD'));
Insert into NUKACOLA.RECRUIT_SKILLS (RECRUIT_NO,SKILL_NO,CREATED_AT) values (5,1,to_date('20/12/23','RR/MM/DD'));
Insert into NUKACOLA.RECRUIT_SKILLS (RECRUIT_NO,SKILL_NO,CREATED_AT) values (5,2,to_date('20/12/23','RR/MM/DD'));
Insert into NUKACOLA.RECRUIT_SKILLS (RECRUIT_NO,SKILL_NO,CREATED_AT) values (5,4,to_date('20/12/23','RR/MM/DD'));
Insert into NUKACOLA.RECRUIT_SKILLS (RECRUIT_NO,SKILL_NO,CREATED_AT) values (6,4,to_date('20/12/23','RR/MM/DD'));
Insert into NUKACOLA.RECRUIT_SKILLS (RECRUIT_NO,SKILL_NO,CREATED_AT) values (6,2,to_date('20/12/23','RR/MM/DD'));
Insert into NUKACOLA.RECRUIT_SKILLS (RECRUIT_NO,SKILL_NO,CREATED_AT) values (4,1,to_date('20/12/18','RR/MM/DD'));
Insert into NUKACOLA.RECRUIT_SKILLS (RECRUIT_NO,SKILL_NO,CREATED_AT) values (4,5,to_date('20/12/18','RR/MM/DD'));
Insert into NUKACOLA.RECRUIT_SKILLS (RECRUIT_NO,SKILL_NO,CREATED_AT) values (4,6,to_date('20/12/18','RR/MM/DD'));
Insert into NUKACOLA.RECRUIT_SKILLS (RECRUIT_NO,SKILL_NO,CREATED_AT) values (5,8,to_date('20/12/18','RR/MM/DD'));
Insert into NUKACOLA.RECRUIT_SKILLS (RECRUIT_NO,SKILL_NO,CREATED_AT) values (5,9,to_date('20/12/18','RR/MM/DD'));
Insert into NUKACOLA.RECRUIT_SKILLS (RECRUIT_NO,SKILL_NO,CREATED_AT) values (5,10,to_date('20/12/18','RR/MM/DD'));
Insert into NUKACOLA.RECRUIT_SKILLS (RECRUIT_NO,SKILL_NO,CREATED_AT) values (3,5,to_date('20/12/18','RR/MM/DD'));
Insert into NUKACOLA.RECRUIT_SKILLS (RECRUIT_NO,SKILL_NO,CREATED_AT) values (3,4,to_date('20/12/18','RR/MM/DD'));
Insert into NUKACOLA.RECRUIT_SKILLS (RECRUIT_NO,SKILL_NO,CREATED_AT) values (3,3,to_date('20/12/18','RR/MM/DD'));
Insert into NUKACOLA.RECRUIT_SKILLS (RECRUIT_NO,SKILL_NO,CREATED_AT) values (8,2,to_date('20/12/24','RR/MM/DD'));
Insert into NUKACOLA.RECRUIT_SKILLS (RECRUIT_NO,SKILL_NO,CREATED_AT) values (8,6,to_date('20/12/24','RR/MM/DD'));
Insert into NUKACOLA.RECRUIT_SKILLS (RECRUIT_NO,SKILL_NO,CREATED_AT) values (8,5,to_date('20/12/24','RR/MM/DD'));
Insert into NUKACOLA.RECRUIT_SKILLS (RECRUIT_NO,SKILL_NO,CREATED_AT) values (8,12,to_date('20/12/24','RR/MM/DD'));
Insert into NUKACOLA.RECRUIT_SKILLS (RECRUIT_NO,SKILL_NO,CREATED_AT) values (1,1,to_date('20/12/16','RR/MM/DD'));
Insert into NUKACOLA.RECRUIT_SKILLS (RECRUIT_NO,SKILL_NO,CREATED_AT) values (1,2,to_date('20/12/16','RR/MM/DD'));
Insert into NUKACOLA.RECRUIT_SKILLS (RECRUIT_NO,SKILL_NO,CREATED_AT) values (1,3,to_date('20/12/16','RR/MM/DD'));
Insert into NUKACOLA.RECRUIT_SKILLS (RECRUIT_NO,SKILL_NO,CREATED_AT) values (1,4,to_date('20/12/16','RR/MM/DD'));
Insert into NUKACOLA.RECRUIT_SKILLS (RECRUIT_NO,SKILL_NO,CREATED_AT) values (2,1,to_date('20/12/16','RR/MM/DD'));
Insert into NUKACOLA.RECRUIT_SKILLS (RECRUIT_NO,SKILL_NO,CREATED_AT) values (2,2,to_date('20/12/16','RR/MM/DD'));
Insert into NUKACOLA.RECRUIT_SKILLS (RECRUIT_NO,SKILL_NO,CREATED_AT) values (2,3,to_date('20/12/16','RR/MM/DD'));
Insert into NUKACOLA.RECRUIT_SKILLS (RECRUIT_NO,SKILL_NO,CREATED_AT) values (3,1,to_date('20/12/16','RR/MM/DD'));
Insert into NUKACOLA.RECRUIT_SKILLS (RECRUIT_NO,SKILL_NO,CREATED_AT) values (3,2,to_date('20/12/16','RR/MM/DD'));
REM INSERTING into NUKACOLA.SKILLS
SET DEFINE OFF;
Insert into NUKACOLA.SKILLS (SKILL_NO,SKILL_NAME,CREATED_AT) values (5,'JavaScript',to_date('20/12/17','RR/MM/DD'));
Insert into NUKACOLA.SKILLS (SKILL_NO,SKILL_NAME,CREATED_AT) values (6,'python',to_date('20/12/17','RR/MM/DD'));
Insert into NUKACOLA.SKILLS (SKILL_NO,SKILL_NAME,CREATED_AT) values (7,'php',to_date('20/12/17','RR/MM/DD'));
Insert into NUKACOLA.SKILLS (SKILL_NO,SKILL_NAME,CREATED_AT) values (8,'C',to_date('20/12/17','RR/MM/DD'));
Insert into NUKACOLA.SKILLS (SKILL_NO,SKILL_NAME,CREATED_AT) values (9,'C++',to_date('20/12/17','RR/MM/DD'));
Insert into NUKACOLA.SKILLS (SKILL_NO,SKILL_NAME,CREATED_AT) values (10,'PHP',to_date('20/12/17','RR/MM/DD'));
Insert into NUKACOLA.SKILLS (SKILL_NO,SKILL_NAME,CREATED_AT) values (11,'HTML',to_date('20/12/17','RR/MM/DD'));
Insert into NUKACOLA.SKILLS (SKILL_NO,SKILL_NAME,CREATED_AT) values (12,'c#',to_date('20/12/17','RR/MM/DD'));
Insert into NUKACOLA.SKILLS (SKILL_NO,SKILL_NAME,CREATED_AT) values (13,'Ruby',to_date('20/12/17','RR/MM/DD'));
Insert into NUKACOLA.SKILLS (SKILL_NO,SKILL_NAME,CREATED_AT) values (14,'CSS',to_date('20/12/17','RR/MM/DD'));
Insert into NUKACOLA.SKILLS (SKILL_NO,SKILL_NAME,CREATED_AT) values (15,'Swift',to_date('20/12/17','RR/MM/DD'));
Insert into NUKACOLA.SKILLS (SKILL_NO,SKILL_NAME,CREATED_AT) values (16,'Go',to_date('20/12/17','RR/MM/DD'));
Insert into NUKACOLA.SKILLS (SKILL_NO,SKILL_NAME,CREATED_AT) values (17,'Scala',to_date('20/12/17','RR/MM/DD'));
Insert into NUKACOLA.SKILLS (SKILL_NO,SKILL_NAME,CREATED_AT) values (18,'Perl',to_date('20/12/17','RR/MM/DD'));
Insert into NUKACOLA.SKILLS (SKILL_NO,SKILL_NAME,CREATED_AT) values (19,'COBOL',to_date('20/12/17','RR/MM/DD'));
Insert into NUKACOLA.SKILLS (SKILL_NO,SKILL_NAME,CREATED_AT) values (20,'ORACLE',to_date('20/12/17','RR/MM/DD'));
Insert into NUKACOLA.SKILLS (SKILL_NO,SKILL_NAME,CREATED_AT) values (21,'MYSQL',to_date('20/12/17','RR/MM/DD'));
Insert into NUKACOLA.SKILLS (SKILL_NO,SKILL_NAME,CREATED_AT) values (22,'LINUX',to_date('20/12/17','RR/MM/DD'));
Insert into NUKACOLA.SKILLS (SKILL_NO,SKILL_NAME,CREATED_AT) values (23,'UNIX',to_date('20/12/17','RR/MM/DD'));
Insert into NUKACOLA.SKILLS (SKILL_NO,SKILL_NAME,CREATED_AT) values (24,'LISP',to_date('20/12/17','RR/MM/DD'));
Insert into NUKACOLA.SKILLS (SKILL_NO,SKILL_NAME,CREATED_AT) values (25,'GIT',to_date('20/12/17','RR/MM/DD'));
Insert into NUKACOLA.SKILLS (SKILL_NO,SKILL_NAME,CREATED_AT) values (26,'TypeScript',to_date('20/12/17','RR/MM/DD'));
Insert into NUKACOLA.SKILLS (SKILL_NO,SKILL_NAME,CREATED_AT) values (27,'JIRA',to_date('20/12/17','RR/MM/DD'));
Insert into NUKACOLA.SKILLS (SKILL_NO,SKILL_NAME,CREATED_AT) values (1,'JAVA',to_date('20/12/16','RR/MM/DD'));
Insert into NUKACOLA.SKILLS (SKILL_NO,SKILL_NAME,CREATED_AT) values (2,'node.js',to_date('20/12/16','RR/MM/DD'));
Insert into NUKACOLA.SKILLS (SKILL_NO,SKILL_NAME,CREATED_AT) values (3,'React.js',to_date('20/12/16','RR/MM/DD'));
Insert into NUKACOLA.SKILLS (SKILL_NO,SKILL_NAME,CREATED_AT) values (4,'kotlin',to_date('20/12/16','RR/MM/DD'));
REM INSERTING into NUKACOLA.TECH_STACKS
SET DEFINE OFF;
Insert into NUKACOLA.TECH_STACKS (COMP_NO,SKILL_NO,STACKS_POSI,CREATED_AT) values (81,1,1,to_date('21/01/10','RR/MM/DD'));
Insert into NUKACOLA.TECH_STACKS (COMP_NO,SKILL_NO,STACKS_POSI,CREATED_AT) values (81,21,2,to_date('21/01/10','RR/MM/DD'));
Insert into NUKACOLA.TECH_STACKS (COMP_NO,SKILL_NO,STACKS_POSI,CREATED_AT) values (81,24,2,to_date('21/01/10','RR/MM/DD'));
Insert into NUKACOLA.TECH_STACKS (COMP_NO,SKILL_NO,STACKS_POSI,CREATED_AT) values (81,26,2,to_date('21/01/10','RR/MM/DD'));
Insert into NUKACOLA.TECH_STACKS (COMP_NO,SKILL_NO,STACKS_POSI,CREATED_AT) values (81,16,3,to_date('21/01/10','RR/MM/DD'));
Insert into NUKACOLA.TECH_STACKS (COMP_NO,SKILL_NO,STACKS_POSI,CREATED_AT) values (81,25,3,to_date('21/01/10','RR/MM/DD'));
Insert into NUKACOLA.TECH_STACKS (COMP_NO,SKILL_NO,STACKS_POSI,CREATED_AT) values (2026,3,1,to_date('21/01/11','RR/MM/DD'));
Insert into NUKACOLA.TECH_STACKS (COMP_NO,SKILL_NO,STACKS_POSI,CREATED_AT) values (2026,18,2,to_date('21/01/11','RR/MM/DD'));
Insert into NUKACOLA.TECH_STACKS (COMP_NO,SKILL_NO,STACKS_POSI,CREATED_AT) values (2026,5,0,to_date('21/01/11','RR/MM/DD'));
Insert into NUKACOLA.TECH_STACKS (COMP_NO,SKILL_NO,STACKS_POSI,CREATED_AT) values (2026,4,3,to_date('21/01/11','RR/MM/DD'));
Insert into NUKACOLA.TECH_STACKS (COMP_NO,SKILL_NO,STACKS_POSI,CREATED_AT) values (81,2,0,to_date('21/01/10','RR/MM/DD'));
Insert into NUKACOLA.TECH_STACKS (COMP_NO,SKILL_NO,STACKS_POSI,CREATED_AT) values (81,3,0,to_date('21/01/10','RR/MM/DD'));
Insert into NUKACOLA.TECH_STACKS (COMP_NO,SKILL_NO,STACKS_POSI,CREATED_AT) values (81,5,1,to_date('21/01/10','RR/MM/DD'));
Insert into NUKACOLA.TECH_STACKS (COMP_NO,SKILL_NO,STACKS_POSI,CREATED_AT) values (2026,12,0,to_date('21/01/11','RR/MM/DD'));
Insert into NUKACOLA.TECH_STACKS (COMP_NO,SKILL_NO,STACKS_POSI,CREATED_AT) values (2026,17,0,to_date('21/01/11','RR/MM/DD'));
Insert into NUKACOLA.TECH_STACKS (COMP_NO,SKILL_NO,STACKS_POSI,CREATED_AT) values (2026,2,1,to_date('21/01/11','RR/MM/DD'));
Insert into NUKACOLA.TECH_STACKS (COMP_NO,SKILL_NO,STACKS_POSI,CREATED_AT) values (2025,15,0,to_date('21/01/05','RR/MM/DD'));
Insert into NUKACOLA.TECH_STACKS (COMP_NO,SKILL_NO,STACKS_POSI,CREATED_AT) values (2025,5,1,to_date('21/01/05','RR/MM/DD'));
REM INSERTING into NUKACOLA.USERS
SET DEFINE OFF;
Insert into NUKACOLA.USERS (USER_NO,LOGIN_TYPE,USER_EMAIL,USER_PWD,USER_NAME,USER_BIRTH,USER_POSI,USER_STATUS,USER_INFO,USER_EDU,USER_AVATAR,CREATED_AT,UPDATED_AT,ACCESS_TOKEN,CERTIFY_QUES,CERTIFY_ANS,EMAIL_AUTH,USER_COMP) values (2034,'local','zzzzz@gmail.com','$2a$10$FBBcO6kqDsS7081oS2UNmefBOSg4sxvcpltVx5qUHX7MpekU76NuO','안녕','1999-09-11',0,0,null,null,null,to_date('21/01/07','RR/MM/DD'),to_date('21/01/07','RR/MM/DD'),null,'출신 초등학교 이름','어디','Y',null);
Insert into NUKACOLA.USERS (USER_NO,LOGIN_TYPE,USER_EMAIL,USER_PWD,USER_NAME,USER_BIRTH,USER_POSI,USER_STATUS,USER_INFO,USER_EDU,USER_AVATAR,CREATED_AT,UPDATED_AT,ACCESS_TOKEN,CERTIFY_QUES,CERTIFY_ANS,EMAIL_AUTH,USER_COMP) values (2027,'local','01087310337@gmail.com','$2a$10$FBBcO6kqDsS7081oS2UNmefBOSg4sxvcpltVx5qUHX7MpekU76NuO','12344','960409',1,0,null,null,null,to_date('21/01/07','RR/MM/DD'),to_date('21/01/07','RR/MM/DD'),null,'출신 초등학교 이름','44','bTs4LRqmfBh857rI9HS3','월급루팡@크루');
Insert into NUKACOLA.USERS (USER_NO,LOGIN_TYPE,USER_EMAIL,USER_PWD,USER_NAME,USER_BIRTH,USER_POSI,USER_STATUS,USER_INFO,USER_EDU,USER_AVATAR,CREATED_AT,UPDATED_AT,ACCESS_TOKEN,CERTIFY_QUES,CERTIFY_ANS,EMAIL_AUTH,USER_COMP) values (2033,'local','zzzzz@gmail.com','$2a$10$FBBcO6kqDsS7081oS2UNmefBOSg4sxvcpltVx5qUHX7MpekU76NuO','안녕','1999-09-11',0,0,null,null,null,to_date('21/01/07','RR/MM/DD'),to_date('21/01/07','RR/MM/DD'),null,'출신 초등학교 이름','어디','E97JsXj9Zat0XcF7QDIq',null);
Insert into NUKACOLA.USERS (USER_NO,LOGIN_TYPE,USER_EMAIL,USER_PWD,USER_NAME,USER_BIRTH,USER_POSI,USER_STATUS,USER_INFO,USER_EDU,USER_AVATAR,CREATED_AT,UPDATED_AT,ACCESS_TOKEN,CERTIFY_QUES,CERTIFY_ANS,EMAIL_AUTH,USER_COMP) values (2022,'local','utalk@naver.com','$2a$10$FBBcO6kqDsS7081oS2UNmefBOSg4sxvcpltVx5qUHX7MpekU76NuO','배진워이','940510',1,0,'처음왔어요!',null,null,to_date('21/01/02','RR/MM/DD'),to_date('21/01/02','RR/MM/DD'),null,'출신 초등학교 이름','수리초등학교','Y',null);
Insert into NUKACOLA.USERS (USER_NO,LOGIN_TYPE,USER_EMAIL,USER_PWD,USER_NAME,USER_BIRTH,USER_POSI,USER_STATUS,USER_INFO,USER_EDU,USER_AVATAR,CREATED_AT,UPDATED_AT,ACCESS_TOKEN,CERTIFY_QUES,CERTIFY_ANS,EMAIL_AUTH,USER_COMP) values (2032,'local','tjdtnwl@gmail.com','$2a$10$FBBcO6kqDsS7081oS2UNmefBOSg4sxvcpltVx5qUHX7MpekU76NuO','test2','00001214',1,0,null,null,null,to_date('21/01/07','RR/MM/DD'),to_date('21/01/07','RR/MM/DD'),null,'나의 보물 1호','나','Y',null);
Insert into NUKACOLA.USERS (USER_NO,LOGIN_TYPE,USER_EMAIL,USER_PWD,USER_NAME,USER_BIRTH,USER_POSI,USER_STATUS,USER_INFO,USER_EDU,USER_AVATAR,CREATED_AT,UPDATED_AT,ACCESS_TOKEN,CERTIFY_QUES,CERTIFY_ANS,EMAIL_AUTH,USER_COMP) values (2035,'local','qwer@gmail.com','$2a$10$FBBcO6kqDsS7081oS2UNmefBOSg4sxvcpltVx5qUHX7MpekU76NuO','어어어','1999-09-11',0,0,null,null,null,to_date('21/01/07','RR/MM/DD'),to_date('21/01/07','RR/MM/DD'),null,'출신 초등학교 이름','어','Y',null);
Insert into NUKACOLA.USERS (USER_NO,LOGIN_TYPE,USER_EMAIL,USER_PWD,USER_NAME,USER_BIRTH,USER_POSI,USER_STATUS,USER_INFO,USER_EDU,USER_AVATAR,CREATED_AT,UPDATED_AT,ACCESS_TOKEN,CERTIFY_QUES,CERTIFY_ANS,EMAIL_AUTH,USER_COMP) values (2023,'local','son0125801@gmail.com','$2a$10$FBBcO6kqDsS7081oS2UNmefBOSg4sxvcpltVx5qUHX7MpekU76NuO','성수지','19991102',2,0,null,null,null,to_date('21/01/07','RR/MM/DD'),to_date('21/01/07','RR/MM/DD'),null,'어머니의 성함','엄마','Y',null);
Insert into NUKACOLA.USERS (USER_NO,LOGIN_TYPE,USER_EMAIL,USER_PWD,USER_NAME,USER_BIRTH,USER_POSI,USER_STATUS,USER_INFO,USER_EDU,USER_AVATAR,CREATED_AT,UPDATED_AT,ACCESS_TOKEN,CERTIFY_QUES,CERTIFY_ANS,EMAIL_AUTH,USER_COMP) values (2028,'local','aaa@daum.com','$2a$10$FBBcO6kqDsS7081oS2UNmefBOSg4sxvcpltVx5qUHX7MpekU76NuO','test','1984',1,0,null,null,null,to_date('21/01/07','RR/MM/DD'),to_date('21/01/07','RR/MM/DD'),null,'출신 초등학교 이름','동초','Y','안녕기업@망태할배');
Insert into NUKACOLA.USERS (USER_NO,LOGIN_TYPE,USER_EMAIL,USER_PWD,USER_NAME,USER_BIRTH,USER_POSI,USER_STATUS,USER_INFO,USER_EDU,USER_AVATAR,CREATED_AT,UPDATED_AT,ACCESS_TOKEN,CERTIFY_QUES,CERTIFY_ANS,EMAIL_AUTH,USER_COMP) values (2045,'local','z@gmail.com','$2a$10$FBBcO6kqDsS7081oS2UNmefBOSg4sxvcpltVx5qUHX7MpekU76NuO','123',null,0,0,null,null,null,to_date('21/01/09','RR/MM/DD'),to_date('21/01/09','RR/MM/DD'),null,'출신 초등학교 이름',null,'TP3eRxTFrJGXes5xkm82','월급루팡@크루');
Insert into NUKACOLA.USERS (USER_NO,LOGIN_TYPE,USER_EMAIL,USER_PWD,USER_NAME,USER_BIRTH,USER_POSI,USER_STATUS,USER_INFO,USER_EDU,USER_AVATAR,CREATED_AT,UPDATED_AT,ACCESS_TOKEN,CERTIFY_QUES,CERTIFY_ANS,EMAIL_AUTH,USER_COMP) values (2026,'local','rkrk@gmail.com','$2a$10$FBBcO6kqDsS7081oS2UNmefBOSg4sxvcpltVx5qUHX7MpekU76NuO','가가','1999-09-11',1,0,null,null,null,to_date('21/01/07','RR/MM/DD'),to_date('21/01/07','RR/MM/DD'),null,'어머니의 성함','미','Y',null);
Insert into NUKACOLA.USERS (USER_NO,LOGIN_TYPE,USER_EMAIL,USER_PWD,USER_NAME,USER_BIRTH,USER_POSI,USER_STATUS,USER_INFO,USER_EDU,USER_AVATAR,CREATED_AT,UPDATED_AT,ACCESS_TOKEN,CERTIFY_QUES,CERTIFY_ANS,EMAIL_AUTH,USER_COMP) values (2029,'local','akak@gmail.com','$2a$10$FBBcO6kqDsS7081oS2UNmefBOSg4sxvcpltVx5qUHX7MpekU76NuO','부엉','2021',0,0,null,null,null,to_date('21/01/07','RR/MM/DD'),to_date('21/01/07','RR/MM/DD'),null,'출신 초등학교 이름','부엉우엉','Y',null);
Insert into NUKACOLA.USERS (USER_NO,LOGIN_TYPE,USER_EMAIL,USER_PWD,USER_NAME,USER_BIRTH,USER_POSI,USER_STATUS,USER_INFO,USER_EDU,USER_AVATAR,CREATED_AT,UPDATED_AT,ACCESS_TOKEN,CERTIFY_QUES,CERTIFY_ANS,EMAIL_AUTH,USER_COMP) values (30,'local','qkqhsp123@gmail.com','$2a$10$FBBcO6kqDsS7081oS2UNmefBOSg4sxvcpltVx5qUHX7MpekU76NuO','배진원','940510',2,0,'처음뵙겠습니다. 프론트엔드와 백엔드를 할 수 있습니다.','안녕하세요!',null,to_date('20/12/15','RR/MM/DD'),to_date('20/12/15','RR/MM/DD'),null,'출신 초등학교 이름','수리초','Y','월급루팡@크루');
Insert into NUKACOLA.USERS (USER_NO,LOGIN_TYPE,USER_EMAIL,USER_PWD,USER_NAME,USER_BIRTH,USER_POSI,USER_STATUS,USER_INFO,USER_EDU,USER_AVATAR,CREATED_AT,UPDATED_AT,ACCESS_TOKEN,CERTIFY_QUES,CERTIFY_ANS,EMAIL_AUTH,USER_COMP) values (39,'local','yhg0337@naver.com','$2a$10$FBBcO6kqDsS7081oS2UNmefBOSg4sxvcpltVx5qUHX7MpekU76NuO','유원근','960409',1,0,null,null,null,to_date('20/12/20','RR/MM/DD'),to_date('20/12/20','RR/MM/DD'),null,'어머니의 성함','123123','Y',null);
Insert into NUKACOLA.USERS (USER_NO,LOGIN_TYPE,USER_EMAIL,USER_PWD,USER_NAME,USER_BIRTH,USER_POSI,USER_STATUS,USER_INFO,USER_EDU,USER_AVATAR,CREATED_AT,UPDATED_AT,ACCESS_TOKEN,CERTIFY_QUES,CERTIFY_ANS,EMAIL_AUTH,USER_COMP) values (1,'local','dd@gmail.com','$2a$10$FBBcO6kqDsS7081oS2UNmefBOSg4sxvcpltVx5qUHX7MpekU76NuO','강누카','2020',2,0,'되나유?','한국대학교 치킨학과',null,to_date('20/12/12','RR/MM/DD'),to_date('20/12/12','RR/MM/DD'),null,'출신 초등학교 이름','ddd','Y','삼송@CEO');
Insert into NUKACOLA.USERS (USER_NO,LOGIN_TYPE,USER_EMAIL,USER_PWD,USER_NAME,USER_BIRTH,USER_POSI,USER_STATUS,USER_INFO,USER_EDU,USER_AVATAR,CREATED_AT,UPDATED_AT,ACCESS_TOKEN,CERTIFY_QUES,CERTIFY_ANS,EMAIL_AUTH,USER_COMP) values (2,'local','ttt@gmail.com','$2a$10$FBBcO6kqDsS7081oS2UNmefBOSg4sxvcpltVx5qUHX7MpekU76NuO','김데브','12345',0,0,null,null,null,to_date('20/12/12','RR/MM/DD'),to_date('20/12/12','RR/MM/DD'),null,'출신 초등학교 이름','ddd','Y','Tesla.inc@CTO');
Insert into NUKACOLA.USERS (USER_NO,LOGIN_TYPE,USER_EMAIL,USER_PWD,USER_NAME,USER_BIRTH,USER_POSI,USER_STATUS,USER_INFO,USER_EDU,USER_AVATAR,CREATED_AT,UPDATED_AT,ACCESS_TOKEN,CERTIFY_QUES,CERTIFY_ANS,EMAIL_AUTH,USER_COMP) values (3,'local','ddd@gmail.com','$2a$10$FBBcO6kqDsS7081oS2UNmefBOSg4sxvcpltVx5qUHX7MpekU76NuO','정누카','1111',0,0,null,null,null,to_date('20/12/12','RR/MM/DD'),to_date('20/12/12','RR/MM/DD'),null,'출신 초등학교 이름','ddd','N','삼송@HEAD');
Insert into NUKACOLA.USERS (USER_NO,LOGIN_TYPE,USER_EMAIL,USER_PWD,USER_NAME,USER_BIRTH,USER_POSI,USER_STATUS,USER_INFO,USER_EDU,USER_AVATAR,CREATED_AT,UPDATED_AT,ACCESS_TOKEN,CERTIFY_QUES,CERTIFY_ANS,EMAIL_AUTH,USER_COMP) values (38,'local','silmaid@naver.com','$2a$10$FBBcO6kqDsS7081oS2UNmefBOSg4sxvcpltVx5qUHX7MpekU76NuO','후참잘','9000123',0,0,'정말이야?',null,null,to_date('20/12/16','RR/MM/DD'),to_date('20/12/16','RR/MM/DD'),null,'출신 초등학교 이름','ps4','Y','안녕기업@후참');
Insert into NUKACOLA.USERS (USER_NO,LOGIN_TYPE,USER_EMAIL,USER_PWD,USER_NAME,USER_BIRTH,USER_POSI,USER_STATUS,USER_INFO,USER_EDU,USER_AVATAR,CREATED_AT,UPDATED_AT,ACCESS_TOKEN,CERTIFY_QUES,CERTIFY_ANS,EMAIL_AUTH,USER_COMP) values (5,'local','nugagola@gmail.com','$2a$10$FBBcO6kqDsS7081oS2UNmefBOSg4sxvcpltVx5qUHX7MpekU76NuO','강데브','2020',0,0,'여기 설정 안함?',null,null,to_date('20/12/12','RR/MM/DD'),to_date('20/12/12','RR/MM/DD'),null,'출신 초등학교 이름','누카초','yUJB44uecYAkcuo9xqYU','Tesla.inc@CTO');
Insert into NUKACOLA.USERS (USER_NO,LOGIN_TYPE,USER_EMAIL,USER_PWD,USER_NAME,USER_BIRTH,USER_POSI,USER_STATUS,USER_INFO,USER_EDU,USER_AVATAR,CREATED_AT,UPDATED_AT,ACCESS_TOKEN,CERTIFY_QUES,CERTIFY_ANS,EMAIL_AUTH,USER_COMP) values (7,'local','yaya@naver.com','$2a$10$FBBcO6kqDsS7081oS2UNmefBOSg4sxvcpltVx5qUHX7MpekU76NuO','길똥','1888',0,0,null,null,null,to_date('20/12/12','RR/MM/DD'),to_date('20/12/12','RR/MM/DD'),null,'출신 초등학교 이름','요호호','N',null);
Insert into NUKACOLA.USERS (USER_NO,LOGIN_TYPE,USER_EMAIL,USER_PWD,USER_NAME,USER_BIRTH,USER_POSI,USER_STATUS,USER_INFO,USER_EDU,USER_AVATAR,CREATED_AT,UPDATED_AT,ACCESS_TOKEN,CERTIFY_QUES,CERTIFY_ANS,EMAIL_AUTH,USER_COMP) values (11,'local','vv@gmail.com','$2a$10$FBBcO6kqDsS7081oS2UNmefBOSg4sxvcpltVx5qUHX7MpekU76NuO','메롱','1999.09.19',0,0,null,null,null,to_date('20/12/13','RR/MM/DD'),to_date('20/12/13','RR/MM/DD'),null,'출신 초등학교 이름','없음','Y','안녕기업@망태할배');
Insert into NUKACOLA.USERS (USER_NO,LOGIN_TYPE,USER_EMAIL,USER_PWD,USER_NAME,USER_BIRTH,USER_POSI,USER_STATUS,USER_INFO,USER_EDU,USER_AVATAR,CREATED_AT,UPDATED_AT,ACCESS_TOKEN,CERTIFY_QUES,CERTIFY_ANS,EMAIL_AUTH,USER_COMP) values (12,'local','devcat123123@gmail.com','$2a$10$FBBcO6kqDsS7081oS2UNmefBOSg4sxvcpltVx5qUHX7MpekU76NuO','말엉엄','1999.09.19',1,0,'ㅇㅇ','ㅇㅇㅇㅇㅇㅇㅇ',null,to_date('20/12/13','RR/MM/DD'),to_date('20/12/13','RR/MM/DD'),null,'출신 초등학교 이름','없다고오','Y','삼송@frontend');
Insert into NUKACOLA.USERS (USER_NO,LOGIN_TYPE,USER_EMAIL,USER_PWD,USER_NAME,USER_BIRTH,USER_POSI,USER_STATUS,USER_INFO,USER_EDU,USER_AVATAR,CREATED_AT,UPDATED_AT,ACCESS_TOKEN,CERTIFY_QUES,CERTIFY_ANS,EMAIL_AUTH,USER_COMP) values (37,'local','hooyuki123@gmail.com','$2a$10$FBBcO6kqDsS7081oS2UNmefBOSg4sxvcpltVx5qUHX7MpekU76NuO','홍찬복','940103',1,0,'역시 잘 바뀌넹!','한국대학교 경영학과','resources/assets/profile.png',to_date('20/12/16','RR/MM/DD'),to_date('20/12/16','RR/MM/DD'),null,'출신 초등학교 이름','ps4','Y','steam@ceo');
Insert into NUKACOLA.USERS (USER_NO,LOGIN_TYPE,USER_EMAIL,USER_PWD,USER_NAME,USER_BIRTH,USER_POSI,USER_STATUS,USER_INFO,USER_EDU,USER_AVATAR,CREATED_AT,UPDATED_AT,ACCESS_TOKEN,CERTIFY_QUES,CERTIFY_ANS,EMAIL_AUTH,USER_COMP) values (33,'local','yhg0337@gmail.com','$2a$10$FBBcO6kqDsS7081oS2UNmefBOSg4sxvcpltVx5qUHX7MpekU76NuO','유원근','960409',1,0,'424242','서울대학교',null,to_date('20/12/15','RR/MM/DD'),to_date('20/12/15','RR/MM/DD'),null,'출신 초등학교 이름','1234','Y','Apple.inc@CEO');
Insert into NUKACOLA.USERS (USER_NO,LOGIN_TYPE,USER_EMAIL,USER_PWD,USER_NAME,USER_BIRTH,USER_POSI,USER_STATUS,USER_INFO,USER_EDU,USER_AVATAR,CREATED_AT,UPDATED_AT,ACCESS_TOKEN,CERTIFY_QUES,CERTIFY_ANS,EMAIL_AUTH,USER_COMP) values (35,'local','tjdtnwl01258@naver.com','$2a$10$FBBcO6kqDsS7081oS2UNmefBOSg4sxvcpltVx5qUHX7MpekU76NuO','으아아','00001214',1,0,null,null,null,to_date('20/12/15','RR/MM/DD'),to_date('20/12/15','RR/MM/DD'),null,'어머니의 성함','엄마','Y','삼송@frontend');
Insert into NUKACOLA.USERS (USER_NO,LOGIN_TYPE,USER_EMAIL,USER_PWD,USER_NAME,USER_BIRTH,USER_POSI,USER_STATUS,USER_INFO,USER_EDU,USER_AVATAR,CREATED_AT,UPDATED_AT,ACCESS_TOKEN,CERTIFY_QUES,CERTIFY_ANS,EMAIL_AUTH,USER_COMP) values (2021,'local','eeeeeee@gmail.com','$2a$10$FBBcO6kqDsS7081oS2UNmefBOSg4sxvcpltVx5qUHX7MpekU76NuO','햄버거','1999-09-11',0,0,null,null,null,to_date('20/12/30','RR/MM/DD'),to_date('20/12/30','RR/MM/DD'),null,'출신 초등학교 이름','어디게','Y',null);
Insert into NUKACOLA.USERS (USER_NO,LOGIN_TYPE,USER_EMAIL,USER_PWD,USER_NAME,USER_BIRTH,USER_POSI,USER_STATUS,USER_INFO,USER_EDU,USER_AVATAR,CREATED_AT,UPDATED_AT,ACCESS_TOKEN,CERTIFY_QUES,CERTIFY_ANS,EMAIL_AUTH,USER_COMP) values (2030,'local','nukadevcat@gmail.com','$2a$10$FBBcO6kqDsS7081oS2UNmefBOSg4sxvcpltVx5qUHX7MpekU76NuO','코카콜라','2021',0,0,null,null,null,to_date('21/01/07','RR/MM/DD'),to_date('21/01/07','RR/MM/DD'),null,'출신 초등학교 이름','펩시콜라','Y',null);
Insert into NUKACOLA.USERS (USER_NO,LOGIN_TYPE,USER_EMAIL,USER_PWD,USER_NAME,USER_BIRTH,USER_POSI,USER_STATUS,USER_INFO,USER_EDU,USER_AVATAR,CREATED_AT,UPDATED_AT,ACCESS_TOKEN,CERTIFY_QUES,CERTIFY_ANS,EMAIL_AUTH,USER_COMP) values (2047,'local','devbok0209@gmail.com','$2a$10$g/34j/kQ5mbSsoTZ8BX/Q.tRH.d5j7C51HTz4iVK1k0yoYiRHE4GO','정찬복','940103',1,0,null,null,null,to_date('21/01/11','RR/MM/DD'),to_date('21/01/11','RR/MM/DD'),null,'출신 초등학교 이름','송정초','Y',null);
Insert into NUKACOLA.USERS (USER_NO,LOGIN_TYPE,USER_EMAIL,USER_PWD,USER_NAME,USER_BIRTH,USER_POSI,USER_STATUS,USER_INFO,USER_EDU,USER_AVATAR,CREATED_AT,UPDATED_AT,ACCESS_TOKEN,CERTIFY_QUES,CERTIFY_ANS,EMAIL_AUTH,USER_COMP) values (2043,'local','zzzz@gmail.com','$2a$10$FBBcO6kqDsS7081oS2UNmefBOSg4sxvcpltVx5qUHX7MpekU76NuO','123',null,0,0,null,null,null,to_date('21/01/09','RR/MM/DD'),to_date('21/01/09','RR/MM/DD'),null,'출신 초등학교 이름',null,'DpSFICCqdcHIygM72HHg',null);
Insert into NUKACOLA.USERS (USER_NO,LOGIN_TYPE,USER_EMAIL,USER_PWD,USER_NAME,USER_BIRTH,USER_POSI,USER_STATUS,USER_INFO,USER_EDU,USER_AVATAR,CREATED_AT,UPDATED_AT,ACCESS_TOKEN,CERTIFY_QUES,CERTIFY_ANS,EMAIL_AUTH,USER_COMP) values (2044,'local','cnshzns@gmail.com','$2a$10$FBBcO6kqDsS7081oS2UNmefBOSg4sxvcpltVx5qUHX7MpekU76NuO','123',null,0,0,null,null,null,to_date('21/01/09','RR/MM/DD'),to_date('21/01/09','RR/MM/DD'),null,'출신 초등학교 이름',null,'Y',null);
REM INSERTING into NUKACOLA.USER_FIELDS
SET DEFINE OFF;
Insert into NUKACOLA.USER_FIELDS (USER_NO,SKILL_NO,CREATED_AT) values (30,5,to_date('21/01/03','RR/MM/DD'));
Insert into NUKACOLA.USER_FIELDS (USER_NO,SKILL_NO,CREATED_AT) values (33,5,to_date('21/01/11','RR/MM/DD'));
Insert into NUKACOLA.USER_FIELDS (USER_NO,SKILL_NO,CREATED_AT) values (33,1,to_date('21/01/11','RR/MM/DD'));
Insert into NUKACOLA.USER_FIELDS (USER_NO,SKILL_NO,CREATED_AT) values (37,1,to_date('21/01/11','RR/MM/DD'));
Insert into NUKACOLA.USER_FIELDS (USER_NO,SKILL_NO,CREATED_AT) values (30,2,to_date('21/01/07','RR/MM/DD'));
Insert into NUKACOLA.USER_FIELDS (USER_NO,SKILL_NO,CREATED_AT) values (2022,5,to_date('21/01/02','RR/MM/DD'));
Insert into NUKACOLA.USER_FIELDS (USER_NO,SKILL_NO,CREATED_AT) values (2022,2,to_date('21/01/02','RR/MM/DD'));
Insert into NUKACOLA.USER_FIELDS (USER_NO,SKILL_NO,CREATED_AT) values (2022,3,to_date('21/01/02','RR/MM/DD'));
Insert into NUKACOLA.USER_FIELDS (USER_NO,SKILL_NO,CREATED_AT) values (37,5,to_date('21/01/11','RR/MM/DD'));
Insert into NUKACOLA.USER_FIELDS (USER_NO,SKILL_NO,CREATED_AT) values (37,12,to_date('21/01/11','RR/MM/DD'));
Insert into NUKACOLA.USER_FIELDS (USER_NO,SKILL_NO,CREATED_AT) values (37,17,to_date('21/01/11','RR/MM/DD'));
Insert into NUKACOLA.USER_FIELDS (USER_NO,SKILL_NO,CREATED_AT) values (37,26,to_date('21/01/11','RR/MM/DD'));
Insert into NUKACOLA.USER_FIELDS (USER_NO,SKILL_NO,CREATED_AT) values (1,2,to_date('20/12/30','RR/MM/DD'));
Insert into NUKACOLA.USER_FIELDS (USER_NO,SKILL_NO,CREATED_AT) values (1,3,to_date('20/12/30','RR/MM/DD'));
Insert into NUKACOLA.USER_FIELDS (USER_NO,SKILL_NO,CREATED_AT) values (5,27,to_date('20/12/30','RR/MM/DD'));
Insert into NUKACOLA.USER_FIELDS (USER_NO,SKILL_NO,CREATED_AT) values (5,1,to_date('20/12/30','RR/MM/DD'));
Insert into NUKACOLA.USER_FIELDS (USER_NO,SKILL_NO,CREATED_AT) values (12,18,to_date('20/12/26','RR/MM/DD'));
Insert into NUKACOLA.USER_FIELDS (USER_NO,SKILL_NO,CREATED_AT) values (33,2,to_date('20/12/21','RR/MM/DD'));
Insert into NUKACOLA.USER_FIELDS (USER_NO,SKILL_NO,CREATED_AT) values (12,3,to_date('20/12/29','RR/MM/DD'));
Insert into NUKACOLA.USER_FIELDS (USER_NO,SKILL_NO,CREATED_AT) values (12,5,to_date('20/12/29','RR/MM/DD'));
Insert into NUKACOLA.USER_FIELDS (USER_NO,SKILL_NO,CREATED_AT) values (12,26,to_date('20/12/29','RR/MM/DD'));
Insert into NUKACOLA.USER_FIELDS (USER_NO,SKILL_NO,CREATED_AT) values (12,2,to_date('20/12/29','RR/MM/DD'));
Insert into NUKACOLA.USER_FIELDS (USER_NO,SKILL_NO,CREATED_AT) values (33,26,to_date('20/12/21','RR/MM/DD'));
Insert into NUKACOLA.USER_FIELDS (USER_NO,SKILL_NO,CREATED_AT) values (12,15,to_date('20/12/26','RR/MM/DD'));
Insert into NUKACOLA.USER_FIELDS (USER_NO,SKILL_NO,CREATED_AT) values (1,1,to_date('20/12/23','RR/MM/DD'));
--------------------------------------------------------
--  DDL for Index PK_COUNSELS
--------------------------------------------------------

  CREATE UNIQUE INDEX "NUKACOLA"."PK_COUNSELS" ON "NUKACOLA"."COUNSELS" ("COUNSEL_NO") 
  PCTFREE 10 INITRANS 2 MAXTRANS 255 COMPUTE STATISTICS 
  STORAGE(INITIAL 65536 NEXT 1048576 MINEXTENTS 1 MAXEXTENTS 2147483645
  PCTINCREASE 0 FREELISTS 1 FREELIST GROUPS 1
  BUFFER_POOL DEFAULT FLASH_CACHE DEFAULT CELL_FLASH_CACHE DEFAULT)
  TABLESPACE "USERS" ;
--------------------------------------------------------
--  DDL for Index PK_COMMENTS
--------------------------------------------------------

  CREATE UNIQUE INDEX "NUKACOLA"."PK_COMMENTS" ON "NUKACOLA"."COMMENTS" ("COMMENT_NO") 
  PCTFREE 10 INITRANS 2 MAXTRANS 255 COMPUTE STATISTICS 
  STORAGE(INITIAL 65536 NEXT 1048576 MINEXTENTS 1 MAXEXTENTS 2147483645
  PCTINCREASE 0 FREELISTS 1 FREELIST GROUPS 1
  BUFFER_POOL DEFAULT FLASH_CACHE DEFAULT CELL_FLASH_CACHE DEFAULT)
  TABLESPACE "USERS" ;
--------------------------------------------------------
--  DDL for Index PK_RECRUIT_SKILLS
--------------------------------------------------------

  CREATE UNIQUE INDEX "NUKACOLA"."PK_RECRUIT_SKILLS" ON "NUKACOLA"."RECRUIT_SKILLS" ("RECRUIT_NO", "SKILL_NO") 
  PCTFREE 10 INITRANS 2 MAXTRANS 255 COMPUTE STATISTICS 
  STORAGE(INITIAL 65536 NEXT 1048576 MINEXTENTS 1 MAXEXTENTS 2147483645
  PCTINCREASE 0 FREELISTS 1 FREELIST GROUPS 1
  BUFFER_POOL DEFAULT FLASH_CACHE DEFAULT CELL_FLASH_CACHE DEFAULT)
  TABLESPACE "USERS" ;
--------------------------------------------------------
--  DDL for Index PK_BOOKMARKS
--------------------------------------------------------

  CREATE UNIQUE INDEX "NUKACOLA"."PK_BOOKMARKS" ON "NUKACOLA"."BOOKMARKS" ("USER_NO", "RECRUIT_NO") 
  PCTFREE 10 INITRANS 2 MAXTRANS 255 COMPUTE STATISTICS 
  STORAGE(INITIAL 65536 NEXT 1048576 MINEXTENTS 1 MAXEXTENTS 2147483645
  PCTINCREASE 0 FREELISTS 1 FREELIST GROUPS 1
  BUFFER_POOL DEFAULT FLASH_CACHE DEFAULT CELL_FLASH_CACHE DEFAULT)
  TABLESPACE "USERS" ;
--------------------------------------------------------
--  DDL for Index PK_TECH_STACKS
--------------------------------------------------------

  CREATE UNIQUE INDEX "NUKACOLA"."PK_TECH_STACKS" ON "NUKACOLA"."TECH_STACKS" ("COMP_NO", "SKILL_NO") 
  PCTFREE 10 INITRANS 2 MAXTRANS 255 COMPUTE STATISTICS 
  STORAGE(INITIAL 65536 NEXT 1048576 MINEXTENTS 1 MAXEXTENTS 2147483645
  PCTINCREASE 0 FREELISTS 1 FREELIST GROUPS 1
  BUFFER_POOL DEFAULT FLASH_CACHE DEFAULT CELL_FLASH_CACHE DEFAULT)
  TABLESPACE "USERS" ;
--------------------------------------------------------
--  DDL for Index PK_BLOCKS
--------------------------------------------------------

  CREATE UNIQUE INDEX "NUKACOLA"."PK_BLOCKS" ON "NUKACOLA"."BLOCKS" ("BLOCK_NO") 
  PCTFREE 10 INITRANS 2 MAXTRANS 255 COMPUTE STATISTICS 
  STORAGE(INITIAL 65536 NEXT 1048576 MINEXTENTS 1 MAXEXTENTS 2147483645
  PCTINCREASE 0 FREELISTS 1 FREELIST GROUPS 1
  BUFFER_POOL DEFAULT FLASH_CACHE DEFAULT CELL_FLASH_CACHE DEFAULT)
  TABLESPACE "USERS" ;
--------------------------------------------------------
--  DDL for Index PK_USERS
--------------------------------------------------------

  CREATE UNIQUE INDEX "NUKACOLA"."PK_USERS" ON "NUKACOLA"."USERS" ("USER_NO") 
  PCTFREE 10 INITRANS 2 MAXTRANS 255 COMPUTE STATISTICS 
  STORAGE(INITIAL 65536 NEXT 1048576 MINEXTENTS 1 MAXEXTENTS 2147483645
  PCTINCREASE 0 FREELISTS 1 FREELIST GROUPS 1
  BUFFER_POOL DEFAULT FLASH_CACHE DEFAULT CELL_FLASH_CACHE DEFAULT)
  TABLESPACE "USERS" ;
--------------------------------------------------------
--  DDL for Index PK_PROJECTS
--------------------------------------------------------

  CREATE UNIQUE INDEX "NUKACOLA"."PK_PROJECTS" ON "NUKACOLA"."PROJECTS" ("PROJECT_ID") 
  PCTFREE 10 INITRANS 2 MAXTRANS 255 COMPUTE STATISTICS 
  STORAGE(INITIAL 65536 NEXT 1048576 MINEXTENTS 1 MAXEXTENTS 2147483645
  PCTINCREASE 0 FREELISTS 1 FREELIST GROUPS 1
  BUFFER_POOL DEFAULT FLASH_CACHE DEFAULT CELL_FLASH_CACHE DEFAULT)
  TABLESPACE "USERS" ;
--------------------------------------------------------
--  DDL for Index PK_CAREERS
--------------------------------------------------------

  CREATE UNIQUE INDEX "NUKACOLA"."PK_CAREERS" ON "NUKACOLA"."CAREERS" ("USER_NO", "COMP_NO") 
  PCTFREE 10 INITRANS 2 MAXTRANS 255 COMPUTE STATISTICS 
  STORAGE(INITIAL 65536 NEXT 1048576 MINEXTENTS 1 MAXEXTENTS 2147483645
  PCTINCREASE 0 FREELISTS 1 FREELIST GROUPS 1
  BUFFER_POOL DEFAULT FLASH_CACHE DEFAULT CELL_FLASH_CACHE DEFAULT)
  TABLESPACE "USERS" ;
--------------------------------------------------------
--  DDL for Index PK_INDUSTRIES
--------------------------------------------------------

  CREATE UNIQUE INDEX "NUKACOLA"."PK_INDUSTRIES" ON "NUKACOLA"."INDUSTRIES" ("INDUS_NO") 
  PCTFREE 10 INITRANS 2 MAXTRANS 255 COMPUTE STATISTICS 
  STORAGE(INITIAL 65536 NEXT 1048576 MINEXTENTS 1 MAXEXTENTS 2147483645
  PCTINCREASE 0 FREELISTS 1 FREELIST GROUPS 1
  BUFFER_POOL DEFAULT FLASH_CACHE DEFAULT CELL_FLASH_CACHE DEFAULT)
  TABLESPACE "USERS" ;
--------------------------------------------------------
--  DDL for Index PK_USER_FIELDS
--------------------------------------------------------

  CREATE UNIQUE INDEX "NUKACOLA"."PK_USER_FIELDS" ON "NUKACOLA"."USER_FIELDS" ("USER_NO", "SKILL_NO") 
  PCTFREE 10 INITRANS 2 MAXTRANS 255 COMPUTE STATISTICS 
  STORAGE(INITIAL 65536 NEXT 1048576 MINEXTENTS 1 MAXEXTENTS 2147483645
  PCTINCREASE 0 FREELISTS 1 FREELIST GROUPS 1
  BUFFER_POOL DEFAULT FLASH_CACHE DEFAULT CELL_FLASH_CACHE DEFAULT)
  TABLESPACE "USERS" ;
--------------------------------------------------------
--  DDL for Index PK_COMPANYS
--------------------------------------------------------

  CREATE UNIQUE INDEX "NUKACOLA"."PK_COMPANYS" ON "NUKACOLA"."COMPANYS" ("COMP_NO") 
  PCTFREE 10 INITRANS 2 MAXTRANS 255 COMPUTE STATISTICS 
  STORAGE(INITIAL 65536 NEXT 1048576 MINEXTENTS 1 MAXEXTENTS 2147483645
  PCTINCREASE 0 FREELISTS 1 FREELIST GROUPS 1
  BUFFER_POOL DEFAULT FLASH_CACHE DEFAULT CELL_FLASH_CACHE DEFAULT)
  TABLESPACE "USERS" ;
--------------------------------------------------------
--  DDL for Index PK_COMP_SUB
--------------------------------------------------------

  CREATE UNIQUE INDEX "NUKACOLA"."PK_COMP_SUB" ON "NUKACOLA"."COMP_SUB" ("USER_NO", "COMP_NO") 
  PCTFREE 10 INITRANS 2 MAXTRANS 255 COMPUTE STATISTICS 
  STORAGE(INITIAL 65536 NEXT 1048576 MINEXTENTS 1 MAXEXTENTS 2147483645
  PCTINCREASE 0 FREELISTS 1 FREELIST GROUPS 1
  BUFFER_POOL DEFAULT FLASH_CACHE DEFAULT CELL_FLASH_CACHE DEFAULT)
  TABLESPACE "USERS" ;
--------------------------------------------------------
--  DDL for Index PK_MESSAGES
--------------------------------------------------------

  CREATE UNIQUE INDEX "NUKACOLA"."PK_MESSAGES" ON "NUKACOLA"."MESSAGES" ("MESSAGE_NO") 
  PCTFREE 10 INITRANS 2 MAXTRANS 255 COMPUTE STATISTICS 
  STORAGE(INITIAL 65536 NEXT 1048576 MINEXTENTS 1 MAXEXTENTS 2147483645
  PCTINCREASE 0 FREELISTS 1 FREELIST GROUPS 1
  BUFFER_POOL DEFAULT FLASH_CACHE DEFAULT CELL_FLASH_CACHE DEFAULT)
  TABLESPACE "USERS" ;
--------------------------------------------------------
--  DDL for Index PK_RECRUITS
--------------------------------------------------------

  CREATE UNIQUE INDEX "NUKACOLA"."PK_RECRUITS" ON "NUKACOLA"."RECRUITS" ("RECRUIT_NO") 
  PCTFREE 10 INITRANS 2 MAXTRANS 255 COMPUTE STATISTICS 
  STORAGE(INITIAL 65536 NEXT 1048576 MINEXTENTS 1 MAXEXTENTS 2147483645
  PCTINCREASE 0 FREELISTS 1 FREELIST GROUPS 1
  BUFFER_POOL DEFAULT FLASH_CACHE DEFAULT CELL_FLASH_CACHE DEFAULT)
  TABLESPACE "USERS" ;
--------------------------------------------------------
--  DDL for Index PK_CHATROOMS
--------------------------------------------------------

  CREATE UNIQUE INDEX "NUKACOLA"."PK_CHATROOMS" ON "NUKACOLA"."CHATROOMS" ("CHATROOM_NO") 
  PCTFREE 10 INITRANS 2 MAXTRANS 255 COMPUTE STATISTICS 
  STORAGE(INITIAL 65536 NEXT 1048576 MINEXTENTS 1 MAXEXTENTS 2147483645
  PCTINCREASE 0 FREELISTS 1 FREELIST GROUPS 1
  BUFFER_POOL DEFAULT FLASH_CACHE DEFAULT CELL_FLASH_CACHE DEFAULT)
  TABLESPACE "USERS" ;
--------------------------------------------------------
--  DDL for Index PK_APPLIES
--------------------------------------------------------

  CREATE UNIQUE INDEX "NUKACOLA"."PK_APPLIES" ON "NUKACOLA"."APPLIES" ("APPLY_NO") 
  PCTFREE 10 INITRANS 2 MAXTRANS 255 COMPUTE STATISTICS 
  STORAGE(INITIAL 65536 NEXT 1048576 MINEXTENTS 1 MAXEXTENTS 2147483645
  PCTINCREASE 0 FREELISTS 1 FREELIST GROUPS 1
  BUFFER_POOL DEFAULT FLASH_CACHE DEFAULT CELL_FLASH_CACHE DEFAULT)
  TABLESPACE "USERS" ;
--------------------------------------------------------
--  DDL for Index PK_COMPINDUS
--------------------------------------------------------

  CREATE UNIQUE INDEX "NUKACOLA"."PK_COMPINDUS" ON "NUKACOLA"."COMPINDUS" ("COMP_NO", "INDUS_NO") 
  PCTFREE 10 INITRANS 2 MAXTRANS 255 COMPUTE STATISTICS 
  STORAGE(INITIAL 65536 NEXT 1048576 MINEXTENTS 1 MAXEXTENTS 2147483645
  PCTINCREASE 0 FREELISTS 1 FREELIST GROUPS 1
  BUFFER_POOL DEFAULT FLASH_CACHE DEFAULT CELL_FLASH_CACHE DEFAULT)
  TABLESPACE "USERS" ;
--------------------------------------------------------
--  DDL for Index PK_DECLARES
--------------------------------------------------------

  CREATE UNIQUE INDEX "NUKACOLA"."PK_DECLARES" ON "NUKACOLA"."DECLARES" ("USER_NO", "RECRUIT_NO") 
  PCTFREE 10 INITRANS 2 MAXTRANS 255 COMPUTE STATISTICS 
  STORAGE(INITIAL 65536 NEXT 1048576 MINEXTENTS 1 MAXEXTENTS 2147483645
  PCTINCREASE 0 FREELISTS 1 FREELIST GROUPS 1
  BUFFER_POOL DEFAULT FLASH_CACHE DEFAULT CELL_FLASH_CACHE DEFAULT)
  TABLESPACE "USERS" ;
--------------------------------------------------------
--  DDL for Index PK_POSTS
--------------------------------------------------------

  CREATE UNIQUE INDEX "NUKACOLA"."PK_POSTS" ON "NUKACOLA"."POSTS" ("POST_NO") 
  PCTFREE 10 INITRANS 2 MAXTRANS 255 COMPUTE STATISTICS 
  STORAGE(INITIAL 65536 NEXT 1048576 MINEXTENTS 1 MAXEXTENTS 2147483645
  PCTINCREASE 0 FREELISTS 1 FREELIST GROUPS 1
  BUFFER_POOL DEFAULT FLASH_CACHE DEFAULT CELL_FLASH_CACHE DEFAULT)
  TABLESPACE "USERS" ;
--------------------------------------------------------
--  DDL for Index PK_SKILLS
--------------------------------------------------------

  CREATE UNIQUE INDEX "NUKACOLA"."PK_SKILLS" ON "NUKACOLA"."SKILLS" ("SKILL_NO") 
  PCTFREE 10 INITRANS 2 MAXTRANS 255 COMPUTE STATISTICS 
  STORAGE(INITIAL 65536 NEXT 1048576 MINEXTENTS 1 MAXEXTENTS 2147483645
  PCTINCREASE 0 FREELISTS 1 FREELIST GROUPS 1
  BUFFER_POOL DEFAULT FLASH_CACHE DEFAULT CELL_FLASH_CACHE DEFAULT)
  TABLESPACE "USERS" ;
--------------------------------------------------------
--  DDL for Index PK_LIKES
--------------------------------------------------------

  CREATE UNIQUE INDEX "NUKACOLA"."PK_LIKES" ON "NUKACOLA"."LIKES" ("USER_NO", "POST_NO") 
  PCTFREE 10 INITRANS 2 MAXTRANS 255 COMPUTE STATISTICS 
  STORAGE(INITIAL 65536 NEXT 1048576 MINEXTENTS 1 MAXEXTENTS 2147483645
  PCTINCREASE 0 FREELISTS 1 FREELIST GROUPS 1
  BUFFER_POOL DEFAULT FLASH_CACHE DEFAULT CELL_FLASH_CACHE DEFAULT)
  TABLESPACE "USERS" ;
--------------------------------------------------------
--  Constraints for Table MESSAGES
--------------------------------------------------------

  ALTER TABLE "NUKACOLA"."MESSAGES" ADD CONSTRAINT "PK_MESSAGES" PRIMARY KEY ("MESSAGE_NO")
  USING INDEX PCTFREE 10 INITRANS 2 MAXTRANS 255 COMPUTE STATISTICS 
  STORAGE(INITIAL 65536 NEXT 1048576 MINEXTENTS 1 MAXEXTENTS 2147483645
  PCTINCREASE 0 FREELISTS 1 FREELIST GROUPS 1
  BUFFER_POOL DEFAULT FLASH_CACHE DEFAULT CELL_FLASH_CACHE DEFAULT)
  TABLESPACE "USERS"  ENABLE;
  ALTER TABLE "NUKACOLA"."MESSAGES" MODIFY ("CHATROOM_NO" NOT NULL ENABLE);
  ALTER TABLE "NUKACOLA"."MESSAGES" MODIFY ("RECIVER_NO" NOT NULL ENABLE);
  ALTER TABLE "NUKACOLA"."MESSAGES" MODIFY ("DELIVER_NO" NOT NULL ENABLE);
  ALTER TABLE "NUKACOLA"."MESSAGES" MODIFY ("CREATED_AT" NOT NULL ENABLE);
  ALTER TABLE "NUKACOLA"."MESSAGES" MODIFY ("MESSAGE_CONTENT" NOT NULL ENABLE);
  ALTER TABLE "NUKACOLA"."MESSAGES" MODIFY ("MESSAGE_NO" NOT NULL ENABLE);
--------------------------------------------------------
--  Constraints for Table CHATROOMS
--------------------------------------------------------

  ALTER TABLE "NUKACOLA"."CHATROOMS" ADD CONSTRAINT "PK_CHATROOMS" PRIMARY KEY ("CHATROOM_NO")
  USING INDEX PCTFREE 10 INITRANS 2 MAXTRANS 255 COMPUTE STATISTICS 
  STORAGE(INITIAL 65536 NEXT 1048576 MINEXTENTS 1 MAXEXTENTS 2147483645
  PCTINCREASE 0 FREELISTS 1 FREELIST GROUPS 1
  BUFFER_POOL DEFAULT FLASH_CACHE DEFAULT CELL_FLASH_CACHE DEFAULT)
  TABLESPACE "USERS"  ENABLE;
  ALTER TABLE "NUKACOLA"."CHATROOMS" MODIFY ("USER_TWO" NOT NULL ENABLE);
  ALTER TABLE "NUKACOLA"."CHATROOMS" MODIFY ("USER_ONE" NOT NULL ENABLE);
  ALTER TABLE "NUKACOLA"."CHATROOMS" MODIFY ("CREATED_AT" NOT NULL ENABLE);
  ALTER TABLE "NUKACOLA"."CHATROOMS" MODIFY ("CHATROOM_NO" NOT NULL ENABLE);
--------------------------------------------------------
--  Constraints for Table COMP_SUB
--------------------------------------------------------

  ALTER TABLE "NUKACOLA"."COMP_SUB" ADD CONSTRAINT "PK_COMP_SUB" PRIMARY KEY ("USER_NO", "COMP_NO")
  USING INDEX PCTFREE 10 INITRANS 2 MAXTRANS 255 COMPUTE STATISTICS 
  STORAGE(INITIAL 65536 NEXT 1048576 MINEXTENTS 1 MAXEXTENTS 2147483645
  PCTINCREASE 0 FREELISTS 1 FREELIST GROUPS 1
  BUFFER_POOL DEFAULT FLASH_CACHE DEFAULT CELL_FLASH_CACHE DEFAULT)
  TABLESPACE "USERS"  ENABLE;
  ALTER TABLE "NUKACOLA"."COMP_SUB" MODIFY ("CREATED_AT" NOT NULL ENABLE);
  ALTER TABLE "NUKACOLA"."COMP_SUB" MODIFY ("COMP_NO" NOT NULL ENABLE);
  ALTER TABLE "NUKACOLA"."COMP_SUB" MODIFY ("USER_NO" NOT NULL ENABLE);
--------------------------------------------------------
--  Constraints for Table RECRUITS
--------------------------------------------------------

  ALTER TABLE "NUKACOLA"."RECRUITS" ADD CONSTRAINT "PK_RECRUITS" PRIMARY KEY ("RECRUIT_NO")
  USING INDEX PCTFREE 10 INITRANS 2 MAXTRANS 255 COMPUTE STATISTICS 
  STORAGE(INITIAL 65536 NEXT 1048576 MINEXTENTS 1 MAXEXTENTS 2147483645
  PCTINCREASE 0 FREELISTS 1 FREELIST GROUPS 1
  BUFFER_POOL DEFAULT FLASH_CACHE DEFAULT CELL_FLASH_CACHE DEFAULT)
  TABLESPACE "USERS"  ENABLE;
  ALTER TABLE "NUKACOLA"."RECRUITS" MODIFY ("CREATED_AT" NOT NULL ENABLE);
  ALTER TABLE "NUKACOLA"."RECRUITS" MODIFY ("COMP_NO" NOT NULL ENABLE);
  ALTER TABLE "NUKACOLA"."RECRUITS" MODIFY ("RECRUIT_COUNT" NOT NULL ENABLE);
  ALTER TABLE "NUKACOLA"."RECRUITS" MODIFY ("RECRUIT_DL" NOT NULL ENABLE);
  ALTER TABLE "NUKACOLA"."RECRUITS" MODIFY ("RECRUIT_REQU" NOT NULL ENABLE);
  ALTER TABLE "NUKACOLA"."RECRUITS" MODIFY ("RECRUIT_MAXSALARY" NOT NULL ENABLE);
  ALTER TABLE "NUKACOLA"."RECRUITS" MODIFY ("RECRUIT_MINSALARY" NOT NULL ENABLE);
  ALTER TABLE "NUKACOLA"."RECRUITS" MODIFY ("RECURIT_POSI" NOT NULL ENABLE);
  ALTER TABLE "NUKACOLA"."RECRUITS" MODIFY ("RECRUIT_MAIN" NOT NULL ENABLE);
  ALTER TABLE "NUKACOLA"."RECRUITS" MODIFY ("RECRUIT_STATE" NOT NULL ENABLE);
  ALTER TABLE "NUKACOLA"."RECRUITS" MODIFY ("RECRUIT_INFO" NOT NULL ENABLE);
  ALTER TABLE "NUKACOLA"."RECRUITS" MODIFY ("RECRUIT_TITLE" NOT NULL ENABLE);
  ALTER TABLE "NUKACOLA"."RECRUITS" MODIFY ("RECRUIT_NO" NOT NULL ENABLE);
--------------------------------------------------------
--  Constraints for Table RECRUIT_SKILLS
--------------------------------------------------------

  ALTER TABLE "NUKACOLA"."RECRUIT_SKILLS" ADD CONSTRAINT "PK_RECRUIT_SKILLS" PRIMARY KEY ("RECRUIT_NO", "SKILL_NO")
  USING INDEX PCTFREE 10 INITRANS 2 MAXTRANS 255 COMPUTE STATISTICS 
  STORAGE(INITIAL 65536 NEXT 1048576 MINEXTENTS 1 MAXEXTENTS 2147483645
  PCTINCREASE 0 FREELISTS 1 FREELIST GROUPS 1
  BUFFER_POOL DEFAULT FLASH_CACHE DEFAULT CELL_FLASH_CACHE DEFAULT)
  TABLESPACE "USERS"  ENABLE;
  ALTER TABLE "NUKACOLA"."RECRUIT_SKILLS" MODIFY ("CREATED_AT" NOT NULL ENABLE);
  ALTER TABLE "NUKACOLA"."RECRUIT_SKILLS" MODIFY ("SKILL_NO" NOT NULL ENABLE);
  ALTER TABLE "NUKACOLA"."RECRUIT_SKILLS" MODIFY ("RECRUIT_NO" NOT NULL ENABLE);
--------------------------------------------------------
--  Constraints for Table COUNSELS
--------------------------------------------------------

  ALTER TABLE "NUKACOLA"."COUNSELS" ADD CONSTRAINT "PK_COUNSELS" PRIMARY KEY ("COUNSEL_NO")
  USING INDEX PCTFREE 10 INITRANS 2 MAXTRANS 255 COMPUTE STATISTICS 
  STORAGE(INITIAL 65536 NEXT 1048576 MINEXTENTS 1 MAXEXTENTS 2147483645
  PCTINCREASE 0 FREELISTS 1 FREELIST GROUPS 1
  BUFFER_POOL DEFAULT FLASH_CACHE DEFAULT CELL_FLASH_CACHE DEFAULT)
  TABLESPACE "USERS"  ENABLE;
  ALTER TABLE "NUKACOLA"."COUNSELS" MODIFY ("CREATED_AT" NOT NULL ENABLE);
  ALTER TABLE "NUKACOLA"."COUNSELS" MODIFY ("COUNSEL_STATE" NOT NULL ENABLE);
  ALTER TABLE "NUKACOLA"."COUNSELS" MODIFY ("APPLY_NO" NOT NULL ENABLE);
  ALTER TABLE "NUKACOLA"."COUNSELS" MODIFY ("COUNSEL_USER" NOT NULL ENABLE);
  ALTER TABLE "NUKACOLA"."COUNSELS" MODIFY ("COUNSEL_CONTENT" NOT NULL ENABLE);
  ALTER TABLE "NUKACOLA"."COUNSELS" MODIFY ("COUNSEL_NO" NOT NULL ENABLE);
--------------------------------------------------------
--  Constraints for Table CONNECTIONS
--------------------------------------------------------

  ALTER TABLE "NUKACOLA"."CONNECTIONS" MODIFY ("CREATED_AT" NOT NULL ENABLE);
  ALTER TABLE "NUKACOLA"."CONNECTIONS" MODIFY ("FOLLOWING_NO" NOT NULL ENABLE);
  ALTER TABLE "NUKACOLA"."CONNECTIONS" MODIFY ("FOLLOWER_NO" NOT NULL ENABLE);
--------------------------------------------------------
--  Constraints for Table SKILLS
--------------------------------------------------------

  ALTER TABLE "NUKACOLA"."SKILLS" ADD CONSTRAINT "PK_SKILLS" PRIMARY KEY ("SKILL_NO")
  USING INDEX PCTFREE 10 INITRANS 2 MAXTRANS 255 COMPUTE STATISTICS 
  STORAGE(INITIAL 65536 NEXT 1048576 MINEXTENTS 1 MAXEXTENTS 2147483645
  PCTINCREASE 0 FREELISTS 1 FREELIST GROUPS 1
  BUFFER_POOL DEFAULT FLASH_CACHE DEFAULT CELL_FLASH_CACHE DEFAULT)
  TABLESPACE "USERS"  ENABLE;
  ALTER TABLE "NUKACOLA"."SKILLS" MODIFY ("CREATED_AT" NOT NULL ENABLE);
  ALTER TABLE "NUKACOLA"."SKILLS" MODIFY ("SKILL_NAME" NOT NULL ENABLE);
  ALTER TABLE "NUKACOLA"."SKILLS" MODIFY ("SKILL_NO" NOT NULL ENABLE);
--------------------------------------------------------
--  Constraints for Table APPLIES
--------------------------------------------------------

  ALTER TABLE "NUKACOLA"."APPLIES" ADD CONSTRAINT "PK_APPLIES" PRIMARY KEY ("APPLY_NO")
  USING INDEX PCTFREE 10 INITRANS 2 MAXTRANS 255 COMPUTE STATISTICS 
  STORAGE(INITIAL 65536 NEXT 1048576 MINEXTENTS 1 MAXEXTENTS 2147483645
  PCTINCREASE 0 FREELISTS 1 FREELIST GROUPS 1
  BUFFER_POOL DEFAULT FLASH_CACHE DEFAULT CELL_FLASH_CACHE DEFAULT)
  TABLESPACE "USERS"  ENABLE;
  ALTER TABLE "NUKACOLA"."APPLIES" MODIFY ("RECRUIT_NO" NOT NULL ENABLE);
  ALTER TABLE "NUKACOLA"."APPLIES" MODIFY ("USER_NO" NOT NULL ENABLE);
  ALTER TABLE "NUKACOLA"."APPLIES" MODIFY ("UPDATED_AT" NOT NULL ENABLE);
  ALTER TABLE "NUKACOLA"."APPLIES" MODIFY ("CREATED_AT" NOT NULL ENABLE);
  ALTER TABLE "NUKACOLA"."APPLIES" MODIFY ("APPLY_PROG" NOT NULL ENABLE);
  ALTER TABLE "NUKACOLA"."APPLIES" MODIFY ("APPLY_COMMENT" NOT NULL ENABLE);
  ALTER TABLE "NUKACOLA"."APPLIES" MODIFY ("APPLY_NO" NOT NULL ENABLE);
--------------------------------------------------------
--  Constraints for Table COMPANYS
--------------------------------------------------------

  ALTER TABLE "NUKACOLA"."COMPANYS" ADD CONSTRAINT "PK_COMPANYS" PRIMARY KEY ("COMP_NO")
  USING INDEX PCTFREE 10 INITRANS 2 MAXTRANS 255 COMPUTE STATISTICS 
  STORAGE(INITIAL 65536 NEXT 1048576 MINEXTENTS 1 MAXEXTENTS 2147483645
  PCTINCREASE 0 FREELISTS 1 FREELIST GROUPS 1
  BUFFER_POOL DEFAULT FLASH_CACHE DEFAULT CELL_FLASH_CACHE DEFAULT)
  TABLESPACE "USERS"  ENABLE;
  ALTER TABLE "NUKACOLA"."COMPANYS" MODIFY ("COMP_PM" NOT NULL ENABLE);
  ALTER TABLE "NUKACOLA"."COMPANYS" MODIFY ("USER_NO" NOT NULL ENABLE);
  ALTER TABLE "NUKACOLA"."COMPANYS" MODIFY ("UPDATED_AT" NOT NULL ENABLE);
  ALTER TABLE "NUKACOLA"."COMPANYS" MODIFY ("CREATED_AT" NOT NULL ENABLE);
  ALTER TABLE "NUKACOLA"."COMPANYS" MODIFY ("COMP_BIRTH" NOT NULL ENABLE);
  ALTER TABLE "NUKACOLA"."COMPANYS" MODIFY ("COMP_HEADCOUNT" NOT NULL ENABLE);
  ALTER TABLE "NUKACOLA"."COMPANYS" MODIFY ("COMP_ADDRESS" NOT NULL ENABLE);
  ALTER TABLE "NUKACOLA"."COMPANYS" MODIFY ("COMP_EMAIL" NOT NULL ENABLE);
  ALTER TABLE "NUKACOLA"."COMPANYS" MODIFY ("COMP_INFO" NOT NULL ENABLE);
  ALTER TABLE "NUKACOLA"."COMPANYS" MODIFY ("COMP_NAME" NOT NULL ENABLE);
  ALTER TABLE "NUKACOLA"."COMPANYS" MODIFY ("COMP_NO" NOT NULL ENABLE);
--------------------------------------------------------
--  Constraints for Table CAREERS
--------------------------------------------------------

  ALTER TABLE "NUKACOLA"."CAREERS" ADD CONSTRAINT "PK_CAREERS" PRIMARY KEY ("USER_NO", "COMP_NO")
  USING INDEX PCTFREE 10 INITRANS 2 MAXTRANS 255 COMPUTE STATISTICS 
  STORAGE(INITIAL 65536 NEXT 1048576 MINEXTENTS 1 MAXEXTENTS 2147483645
  PCTINCREASE 0 FREELISTS 1 FREELIST GROUPS 1
  BUFFER_POOL DEFAULT FLASH_CACHE DEFAULT CELL_FLASH_CACHE DEFAULT)
  TABLESPACE "USERS"  ENABLE;
  ALTER TABLE "NUKACOLA"."CAREERS" MODIFY ("CREATED_AT" NOT NULL ENABLE);
  ALTER TABLE "NUKACOLA"."CAREERS" MODIFY ("ENTERED_AT" NOT NULL ENABLE);
  ALTER TABLE "NUKACOLA"."CAREERS" MODIFY ("UPDATED_AT" NOT NULL ENABLE);
  ALTER TABLE "NUKACOLA"."CAREERS" MODIFY ("CAREER_STATE" NOT NULL ENABLE);
  ALTER TABLE "NUKACOLA"."CAREERS" MODIFY ("CAREER_POSI" NOT NULL ENABLE);
  ALTER TABLE "NUKACOLA"."CAREERS" MODIFY ("COMP_NO" NOT NULL ENABLE);
  ALTER TABLE "NUKACOLA"."CAREERS" MODIFY ("USER_NO" NOT NULL ENABLE);
--------------------------------------------------------
--  Constraints for Table DECLARES
--------------------------------------------------------

  ALTER TABLE "NUKACOLA"."DECLARES" ADD CONSTRAINT "PK_DECLARES" PRIMARY KEY ("USER_NO", "RECRUIT_NO")
  USING INDEX PCTFREE 10 INITRANS 2 MAXTRANS 255 COMPUTE STATISTICS 
  STORAGE(INITIAL 65536 NEXT 1048576 MINEXTENTS 1 MAXEXTENTS 2147483645
  PCTINCREASE 0 FREELISTS 1 FREELIST GROUPS 1
  BUFFER_POOL DEFAULT FLASH_CACHE DEFAULT CELL_FLASH_CACHE DEFAULT)
  TABLESPACE "USERS"  ENABLE;
  ALTER TABLE "NUKACOLA"."DECLARES" MODIFY ("CREATED_AT" NOT NULL ENABLE);
  ALTER TABLE "NUKACOLA"."DECLARES" MODIFY ("DECLARE_TITLE" NOT NULL ENABLE);
  ALTER TABLE "NUKACOLA"."DECLARES" MODIFY ("RECRUIT_NO" NOT NULL ENABLE);
  ALTER TABLE "NUKACOLA"."DECLARES" MODIFY ("USER_NO" NOT NULL ENABLE);
--------------------------------------------------------
--  Constraints for Table TECH_STACKS
--------------------------------------------------------

  ALTER TABLE "NUKACOLA"."TECH_STACKS" ADD CONSTRAINT "PK_TECH_STACKS" PRIMARY KEY ("COMP_NO", "SKILL_NO")
  USING INDEX PCTFREE 10 INITRANS 2 MAXTRANS 255 COMPUTE STATISTICS 
  STORAGE(INITIAL 65536 NEXT 1048576 MINEXTENTS 1 MAXEXTENTS 2147483645
  PCTINCREASE 0 FREELISTS 1 FREELIST GROUPS 1
  BUFFER_POOL DEFAULT FLASH_CACHE DEFAULT CELL_FLASH_CACHE DEFAULT)
  TABLESPACE "USERS"  ENABLE;
  ALTER TABLE "NUKACOLA"."TECH_STACKS" MODIFY ("CREATED_AT" NOT NULL ENABLE);
  ALTER TABLE "NUKACOLA"."TECH_STACKS" MODIFY ("STACKS_POSI" NOT NULL ENABLE);
  ALTER TABLE "NUKACOLA"."TECH_STACKS" MODIFY ("SKILL_NO" NOT NULL ENABLE);
  ALTER TABLE "NUKACOLA"."TECH_STACKS" MODIFY ("COMP_NO" NOT NULL ENABLE);
--------------------------------------------------------
--  Constraints for Table BLOCKS
--------------------------------------------------------

  ALTER TABLE "NUKACOLA"."BLOCKS" ADD CONSTRAINT "PK_BLOCKS" PRIMARY KEY ("BLOCK_NO")
  USING INDEX PCTFREE 10 INITRANS 2 MAXTRANS 255 COMPUTE STATISTICS 
  STORAGE(INITIAL 65536 NEXT 1048576 MINEXTENTS 1 MAXEXTENTS 2147483645
  PCTINCREASE 0 FREELISTS 1 FREELIST GROUPS 1
  BUFFER_POOL DEFAULT FLASH_CACHE DEFAULT CELL_FLASH_CACHE DEFAULT)
  TABLESPACE "USERS"  ENABLE;
  ALTER TABLE "NUKACOLA"."BLOCKS" MODIFY ("BLOCKED_USER" NOT NULL ENABLE);
  ALTER TABLE "NUKACOLA"."BLOCKS" MODIFY ("BLOCK_USER" NOT NULL ENABLE);
  ALTER TABLE "NUKACOLA"."BLOCKS" MODIFY ("BLOCK_NO" NOT NULL ENABLE);
--------------------------------------------------------
--  Constraints for Table BOOKMARKS
--------------------------------------------------------

  ALTER TABLE "NUKACOLA"."BOOKMARKS" ADD CONSTRAINT "PK_BOOKMARKS" PRIMARY KEY ("USER_NO", "RECRUIT_NO")
  USING INDEX PCTFREE 10 INITRANS 2 MAXTRANS 255 COMPUTE STATISTICS 
  STORAGE(INITIAL 65536 NEXT 1048576 MINEXTENTS 1 MAXEXTENTS 2147483645
  PCTINCREASE 0 FREELISTS 1 FREELIST GROUPS 1
  BUFFER_POOL DEFAULT FLASH_CACHE DEFAULT CELL_FLASH_CACHE DEFAULT)
  TABLESPACE "USERS"  ENABLE;
  ALTER TABLE "NUKACOLA"."BOOKMARKS" MODIFY ("CREATED_AT" NOT NULL ENABLE);
  ALTER TABLE "NUKACOLA"."BOOKMARKS" MODIFY ("RECRUIT_NO" NOT NULL ENABLE);
  ALTER TABLE "NUKACOLA"."BOOKMARKS" MODIFY ("USER_NO" NOT NULL ENABLE);
--------------------------------------------------------
--  Constraints for Table COMPINDUS
--------------------------------------------------------

  ALTER TABLE "NUKACOLA"."COMPINDUS" ADD CONSTRAINT "PK_COMPINDUS" PRIMARY KEY ("COMP_NO", "INDUS_NO")
  USING INDEX PCTFREE 10 INITRANS 2 MAXTRANS 255 COMPUTE STATISTICS 
  STORAGE(INITIAL 65536 NEXT 1048576 MINEXTENTS 1 MAXEXTENTS 2147483645
  PCTINCREASE 0 FREELISTS 1 FREELIST GROUPS 1
  BUFFER_POOL DEFAULT FLASH_CACHE DEFAULT CELL_FLASH_CACHE DEFAULT)
  TABLESPACE "USERS"  ENABLE;
  ALTER TABLE "NUKACOLA"."COMPINDUS" MODIFY ("INDUS_NO" NOT NULL ENABLE);
  ALTER TABLE "NUKACOLA"."COMPINDUS" MODIFY ("COMP_NO" NOT NULL ENABLE);
--------------------------------------------------------
--  Constraints for Table COMMENTS
--------------------------------------------------------

  ALTER TABLE "NUKACOLA"."COMMENTS" ADD CONSTRAINT "PK_COMMENTS" PRIMARY KEY ("COMMENT_NO")
  USING INDEX PCTFREE 10 INITRANS 2 MAXTRANS 255 COMPUTE STATISTICS 
  STORAGE(INITIAL 65536 NEXT 1048576 MINEXTENTS 1 MAXEXTENTS 2147483645
  PCTINCREASE 0 FREELISTS 1 FREELIST GROUPS 1
  BUFFER_POOL DEFAULT FLASH_CACHE DEFAULT CELL_FLASH_CACHE DEFAULT)
  TABLESPACE "USERS"  ENABLE;
  ALTER TABLE "NUKACOLA"."COMMENTS" MODIFY ("UPDATED_AT" NOT NULL ENABLE);
  ALTER TABLE "NUKACOLA"."COMMENTS" MODIFY ("CREATED_AT" NOT NULL ENABLE);
  ALTER TABLE "NUKACOLA"."COMMENTS" MODIFY ("POST_NO" NOT NULL ENABLE);
  ALTER TABLE "NUKACOLA"."COMMENTS" MODIFY ("USER_NO" NOT NULL ENABLE);
  ALTER TABLE "NUKACOLA"."COMMENTS" MODIFY ("COMMENT_CONTENT" NOT NULL ENABLE);
  ALTER TABLE "NUKACOLA"."COMMENTS" MODIFY ("COMMENT_NO" NOT NULL ENABLE);
--------------------------------------------------------
--  Constraints for Table USER_FIELDS
--------------------------------------------------------

  ALTER TABLE "NUKACOLA"."USER_FIELDS" ADD CONSTRAINT "PK_USER_FIELDS" PRIMARY KEY ("USER_NO", "SKILL_NO")
  USING INDEX PCTFREE 10 INITRANS 2 MAXTRANS 255 COMPUTE STATISTICS 
  STORAGE(INITIAL 65536 NEXT 1048576 MINEXTENTS 1 MAXEXTENTS 2147483645
  PCTINCREASE 0 FREELISTS 1 FREELIST GROUPS 1
  BUFFER_POOL DEFAULT FLASH_CACHE DEFAULT CELL_FLASH_CACHE DEFAULT)
  TABLESPACE "USERS"  ENABLE;
  ALTER TABLE "NUKACOLA"."USER_FIELDS" MODIFY ("CREATED_AT" NOT NULL ENABLE);
  ALTER TABLE "NUKACOLA"."USER_FIELDS" MODIFY ("SKILL_NO" NOT NULL ENABLE);
  ALTER TABLE "NUKACOLA"."USER_FIELDS" MODIFY ("USER_NO" NOT NULL ENABLE);
--------------------------------------------------------
--  Constraints for Table USERS
--------------------------------------------------------

  ALTER TABLE "NUKACOLA"."USERS" ADD CONSTRAINT "PK_USERS" PRIMARY KEY ("USER_NO")
  USING INDEX PCTFREE 10 INITRANS 2 MAXTRANS 255 COMPUTE STATISTICS 
  STORAGE(INITIAL 65536 NEXT 1048576 MINEXTENTS 1 MAXEXTENTS 2147483645
  PCTINCREASE 0 FREELISTS 1 FREELIST GROUPS 1
  BUFFER_POOL DEFAULT FLASH_CACHE DEFAULT CELL_FLASH_CACHE DEFAULT)
  TABLESPACE "USERS"  ENABLE;
  ALTER TABLE "NUKACOLA"."USERS" MODIFY ("UPDATED_AT" NOT NULL ENABLE);
  ALTER TABLE "NUKACOLA"."USERS" MODIFY ("CREATED_AT" NOT NULL ENABLE);
  ALTER TABLE "NUKACOLA"."USERS" MODIFY ("USER_NAME" NOT NULL ENABLE);
  ALTER TABLE "NUKACOLA"."USERS" MODIFY ("USER_EMAIL" NOT NULL ENABLE);
  ALTER TABLE "NUKACOLA"."USERS" MODIFY ("LOGIN_TYPE" NOT NULL ENABLE);
  ALTER TABLE "NUKACOLA"."USERS" MODIFY ("USER_NO" NOT NULL ENABLE);
--------------------------------------------------------
--  Constraints for Table POSTS
--------------------------------------------------------

  ALTER TABLE "NUKACOLA"."POSTS" ADD CONSTRAINT "PK_POSTS" PRIMARY KEY ("POST_NO")
  USING INDEX PCTFREE 10 INITRANS 2 MAXTRANS 255 COMPUTE STATISTICS 
  STORAGE(INITIAL 65536 NEXT 1048576 MINEXTENTS 1 MAXEXTENTS 2147483645
  PCTINCREASE 0 FREELISTS 1 FREELIST GROUPS 1
  BUFFER_POOL DEFAULT FLASH_CACHE DEFAULT CELL_FLASH_CACHE DEFAULT)
  TABLESPACE "USERS"  ENABLE;
  ALTER TABLE "NUKACOLA"."POSTS" MODIFY ("USER_NO" NOT NULL ENABLE);
  ALTER TABLE "NUKACOLA"."POSTS" MODIFY ("UPDATED_AT" NOT NULL ENABLE);
  ALTER TABLE "NUKACOLA"."POSTS" MODIFY ("CREATED_AT" NOT NULL ENABLE);
  ALTER TABLE "NUKACOLA"."POSTS" MODIFY ("POST_CONTENT" NOT NULL ENABLE);
  ALTER TABLE "NUKACOLA"."POSTS" MODIFY ("POST_NO" NOT NULL ENABLE);
--------------------------------------------------------
--  Constraints for Table PROJECTS
--------------------------------------------------------

  ALTER TABLE "NUKACOLA"."PROJECTS" ADD CONSTRAINT "PK_PROJECTS" PRIMARY KEY ("PROJECT_ID")
  USING INDEX PCTFREE 10 INITRANS 2 MAXTRANS 255 COMPUTE STATISTICS 
  STORAGE(INITIAL 65536 NEXT 1048576 MINEXTENTS 1 MAXEXTENTS 2147483645
  PCTINCREASE 0 FREELISTS 1 FREELIST GROUPS 1
  BUFFER_POOL DEFAULT FLASH_CACHE DEFAULT CELL_FLASH_CACHE DEFAULT)
  TABLESPACE "USERS"  ENABLE;
  ALTER TABLE "NUKACOLA"."PROJECTS" MODIFY ("PROJECT_END" NOT NULL ENABLE);
  ALTER TABLE "NUKACOLA"."PROJECTS" MODIFY ("PROJECT_START" NOT NULL ENABLE);
  ALTER TABLE "NUKACOLA"."PROJECTS" MODIFY ("USER_NO" NOT NULL ENABLE);
  ALTER TABLE "NUKACOLA"."PROJECTS" MODIFY ("PROJECT_POSITION" NOT NULL ENABLE);
  ALTER TABLE "NUKACOLA"."PROJECTS" MODIFY ("PROJECT_NAME" NOT NULL ENABLE);
  ALTER TABLE "NUKACOLA"."PROJECTS" MODIFY ("PROJECT_ID" NOT NULL ENABLE);
--------------------------------------------------------
--  Constraints for Table INDUSTRIES
--------------------------------------------------------

  ALTER TABLE "NUKACOLA"."INDUSTRIES" ADD CONSTRAINT "PK_INDUSTRIES" PRIMARY KEY ("INDUS_NO")
  USING INDEX PCTFREE 10 INITRANS 2 MAXTRANS 255 COMPUTE STATISTICS 
  STORAGE(INITIAL 65536 NEXT 1048576 MINEXTENTS 1 MAXEXTENTS 2147483645
  PCTINCREASE 0 FREELISTS 1 FREELIST GROUPS 1
  BUFFER_POOL DEFAULT FLASH_CACHE DEFAULT CELL_FLASH_CACHE DEFAULT)
  TABLESPACE "USERS"  ENABLE;
  ALTER TABLE "NUKACOLA"."INDUSTRIES" MODIFY ("UPDATED_AT" NOT NULL ENABLE);
  ALTER TABLE "NUKACOLA"."INDUSTRIES" MODIFY ("CREATED_AT" NOT NULL ENABLE);
  ALTER TABLE "NUKACOLA"."INDUSTRIES" MODIFY ("INDUS_NAME" NOT NULL ENABLE);
  ALTER TABLE "NUKACOLA"."INDUSTRIES" MODIFY ("INDUS_NO" NOT NULL ENABLE);
--------------------------------------------------------
--  Constraints for Table LIKES
--------------------------------------------------------

  ALTER TABLE "NUKACOLA"."LIKES" ADD CONSTRAINT "PK_LIKES" PRIMARY KEY ("USER_NO", "POST_NO")
  USING INDEX PCTFREE 10 INITRANS 2 MAXTRANS 255 COMPUTE STATISTICS 
  STORAGE(INITIAL 65536 NEXT 1048576 MINEXTENTS 1 MAXEXTENTS 2147483645
  PCTINCREASE 0 FREELISTS 1 FREELIST GROUPS 1
  BUFFER_POOL DEFAULT FLASH_CACHE DEFAULT CELL_FLASH_CACHE DEFAULT)
  TABLESPACE "USERS"  ENABLE;
  ALTER TABLE "NUKACOLA"."LIKES" MODIFY ("POST_NO" NOT NULL ENABLE);
  ALTER TABLE "NUKACOLA"."LIKES" MODIFY ("USER_NO" NOT NULL ENABLE);
--------------------------------------------------------
--  Ref Constraints for Table APPLIES
--------------------------------------------------------

  ALTER TABLE "NUKACOLA"."APPLIES" ADD CONSTRAINT "FK_RECRUITS_TO_APPLIES_1" FOREIGN KEY ("RECRUIT_NO")
	  REFERENCES "NUKACOLA"."RECRUITS" ("RECRUIT_NO") ON DELETE CASCADE ENABLE;
  ALTER TABLE "NUKACOLA"."APPLIES" ADD CONSTRAINT "FK_USERS_TO_APPLIES_1" FOREIGN KEY ("USER_NO")
	  REFERENCES "NUKACOLA"."USERS" ("USER_NO") ON DELETE CASCADE ENABLE;
--------------------------------------------------------
--  Ref Constraints for Table BLOCKS
--------------------------------------------------------

  ALTER TABLE "NUKACOLA"."BLOCKS" ADD CONSTRAINT "FK_USERS_TO_BLOCKS_1" FOREIGN KEY ("BLOCK_USER")
	  REFERENCES "NUKACOLA"."USERS" ("USER_NO") ON DELETE CASCADE ENABLE;
  ALTER TABLE "NUKACOLA"."BLOCKS" ADD CONSTRAINT "FK_USERS_TO_BLOCKS_2" FOREIGN KEY ("BLOCKED_USER")
	  REFERENCES "NUKACOLA"."USERS" ("USER_NO") ON DELETE CASCADE ENABLE;
--------------------------------------------------------
--  Ref Constraints for Table BOOKMARKS
--------------------------------------------------------

  ALTER TABLE "NUKACOLA"."BOOKMARKS" ADD CONSTRAINT "FK_RECRUITS_TO_BOOKMARKS_1" FOREIGN KEY ("RECRUIT_NO")
	  REFERENCES "NUKACOLA"."RECRUITS" ("RECRUIT_NO") ON DELETE CASCADE ENABLE;
  ALTER TABLE "NUKACOLA"."BOOKMARKS" ADD CONSTRAINT "FK_USERS_TO_BOOKMARKS_1" FOREIGN KEY ("USER_NO")
	  REFERENCES "NUKACOLA"."USERS" ("USER_NO") ON DELETE CASCADE ENABLE;
--------------------------------------------------------
--  Ref Constraints for Table CAREERS
--------------------------------------------------------

  ALTER TABLE "NUKACOLA"."CAREERS" ADD CONSTRAINT "FK_COMPANYS_TO_CAREERS_1" FOREIGN KEY ("COMP_NO")
	  REFERENCES "NUKACOLA"."COMPANYS" ("COMP_NO") ON DELETE CASCADE ENABLE;
  ALTER TABLE "NUKACOLA"."CAREERS" ADD CONSTRAINT "FK_USERS_TO_CAREERS_1" FOREIGN KEY ("USER_NO")
	  REFERENCES "NUKACOLA"."USERS" ("USER_NO") ON DELETE CASCADE ENABLE;
--------------------------------------------------------
--  Ref Constraints for Table CHATROOMS
--------------------------------------------------------

  ALTER TABLE "NUKACOLA"."CHATROOMS" ADD CONSTRAINT "FK_USERS_TO_CHATROOMS_1" FOREIGN KEY ("USER_ONE")
	  REFERENCES "NUKACOLA"."USERS" ("USER_NO") ON DELETE CASCADE ENABLE;
  ALTER TABLE "NUKACOLA"."CHATROOMS" ADD CONSTRAINT "FK_USERS_TO_CHATROOMS_2" FOREIGN KEY ("USER_TWO")
	  REFERENCES "NUKACOLA"."USERS" ("USER_NO") ON DELETE CASCADE ENABLE;
--------------------------------------------------------
--  Ref Constraints for Table COMMENTS
--------------------------------------------------------

  ALTER TABLE "NUKACOLA"."COMMENTS" ADD CONSTRAINT "FK_POSTS_TO_COMMENTS_1" FOREIGN KEY ("POST_NO")
	  REFERENCES "NUKACOLA"."POSTS" ("POST_NO") ON DELETE CASCADE ENABLE;
  ALTER TABLE "NUKACOLA"."COMMENTS" ADD CONSTRAINT "FK_USERS_TO_COMMENTS_1" FOREIGN KEY ("USER_NO")
	  REFERENCES "NUKACOLA"."USERS" ("USER_NO") ON DELETE CASCADE ENABLE;
--------------------------------------------------------
--  Ref Constraints for Table COMPANYS
--------------------------------------------------------

  ALTER TABLE "NUKACOLA"."COMPANYS" ADD CONSTRAINT "FK_USERS_TO_COMPANYS_1" FOREIGN KEY ("USER_NO")
	  REFERENCES "NUKACOLA"."USERS" ("USER_NO") ON DELETE CASCADE ENABLE;
--------------------------------------------------------
--  Ref Constraints for Table COMPINDUS
--------------------------------------------------------

  ALTER TABLE "NUKACOLA"."COMPINDUS" ADD CONSTRAINT "FK_COMPANYS_TO_COMPINDUS_1" FOREIGN KEY ("COMP_NO")
	  REFERENCES "NUKACOLA"."COMPANYS" ("COMP_NO") ON DELETE CASCADE ENABLE;
  ALTER TABLE "NUKACOLA"."COMPINDUS" ADD CONSTRAINT "FK_INDUSTRIES_TO_COMPINDUS_1" FOREIGN KEY ("INDUS_NO")
	  REFERENCES "NUKACOLA"."INDUSTRIES" ("INDUS_NO") ON DELETE CASCADE ENABLE;
--------------------------------------------------------
--  Ref Constraints for Table COMP_SUB
--------------------------------------------------------

  ALTER TABLE "NUKACOLA"."COMP_SUB" ADD CONSTRAINT "FK_COMPANYS_TO_COMP_SUB_1" FOREIGN KEY ("COMP_NO")
	  REFERENCES "NUKACOLA"."COMPANYS" ("COMP_NO") ON DELETE CASCADE ENABLE;
  ALTER TABLE "NUKACOLA"."COMP_SUB" ADD CONSTRAINT "FK_USERS_TO_COMP_SUB_1" FOREIGN KEY ("USER_NO")
	  REFERENCES "NUKACOLA"."USERS" ("USER_NO") ON DELETE CASCADE ENABLE;
--------------------------------------------------------
--  Ref Constraints for Table CONNECTIONS
--------------------------------------------------------

  ALTER TABLE "NUKACOLA"."CONNECTIONS" ADD CONSTRAINT "FK_USERS_TO_CONNECTIONS_1" FOREIGN KEY ("FOLLOWER_NO")
	  REFERENCES "NUKACOLA"."USERS" ("USER_NO") ON DELETE CASCADE ENABLE;
  ALTER TABLE "NUKACOLA"."CONNECTIONS" ADD CONSTRAINT "FK_USERS_TO_CONNECTIONS_2" FOREIGN KEY ("FOLLOWING_NO")
	  REFERENCES "NUKACOLA"."USERS" ("USER_NO") ON DELETE CASCADE ENABLE;
--------------------------------------------------------
--  Ref Constraints for Table COUNSELS
--------------------------------------------------------

  ALTER TABLE "NUKACOLA"."COUNSELS" ADD CONSTRAINT "FK_APPLIES_TO_COUNSELS_1" FOREIGN KEY ("APPLY_NO")
	  REFERENCES "NUKACOLA"."APPLIES" ("APPLY_NO") ON DELETE CASCADE ENABLE;
  ALTER TABLE "NUKACOLA"."COUNSELS" ADD CONSTRAINT "FK_USERS_TO_COUNSELS_1" FOREIGN KEY ("COUNSEL_USER")
	  REFERENCES "NUKACOLA"."USERS" ("USER_NO") ON DELETE CASCADE ENABLE;
--------------------------------------------------------
--  Ref Constraints for Table DECLARES
--------------------------------------------------------

  ALTER TABLE "NUKACOLA"."DECLARES" ADD CONSTRAINT "FK_RECRUITS_TO_DECLARES_1" FOREIGN KEY ("RECRUIT_NO")
	  REFERENCES "NUKACOLA"."RECRUITS" ("RECRUIT_NO") ON DELETE CASCADE ENABLE;
  ALTER TABLE "NUKACOLA"."DECLARES" ADD CONSTRAINT "FK_USERS_TO_DECLARES_1" FOREIGN KEY ("USER_NO")
	  REFERENCES "NUKACOLA"."USERS" ("USER_NO") ON DELETE CASCADE ENABLE;
--------------------------------------------------------
--  Ref Constraints for Table LIKES
--------------------------------------------------------

  ALTER TABLE "NUKACOLA"."LIKES" ADD CONSTRAINT "FK_POSTS_TO_LIKES_1" FOREIGN KEY ("POST_NO")
	  REFERENCES "NUKACOLA"."POSTS" ("POST_NO") ON DELETE CASCADE ENABLE;
  ALTER TABLE "NUKACOLA"."LIKES" ADD CONSTRAINT "FK_USERS_TO_LIKES_1" FOREIGN KEY ("USER_NO")
	  REFERENCES "NUKACOLA"."USERS" ("USER_NO") ON DELETE CASCADE ENABLE;
--------------------------------------------------------
--  Ref Constraints for Table MESSAGES
--------------------------------------------------------

  ALTER TABLE "NUKACOLA"."MESSAGES" ADD CONSTRAINT "FK_CHATROOMS_TO_MESSAGES_1" FOREIGN KEY ("CHATROOM_NO")
	  REFERENCES "NUKACOLA"."CHATROOMS" ("CHATROOM_NO") ON DELETE CASCADE ENABLE;
  ALTER TABLE "NUKACOLA"."MESSAGES" ADD CONSTRAINT "FK_USERS_TO_MESSAGES_1" FOREIGN KEY ("DELIVER_NO")
	  REFERENCES "NUKACOLA"."USERS" ("USER_NO") ON DELETE CASCADE ENABLE;
  ALTER TABLE "NUKACOLA"."MESSAGES" ADD CONSTRAINT "FK_USERS_TO_MESSAGES_2" FOREIGN KEY ("RECIVER_NO")
	  REFERENCES "NUKACOLA"."USERS" ("USER_NO") ON DELETE CASCADE ENABLE;
--------------------------------------------------------
--  Ref Constraints for Table POSTS
--------------------------------------------------------

  ALTER TABLE "NUKACOLA"."POSTS" ADD CONSTRAINT "FK_USERS_TO_POSTS_1" FOREIGN KEY ("USER_NO")
	  REFERENCES "NUKACOLA"."USERS" ("USER_NO") ON DELETE CASCADE ENABLE;
--------------------------------------------------------
--  Ref Constraints for Table PROJECTS
--------------------------------------------------------

  ALTER TABLE "NUKACOLA"."PROJECTS" ADD CONSTRAINT "FK_USERS_TO_PROJECTS_1" FOREIGN KEY ("USER_NO")
	  REFERENCES "NUKACOLA"."USERS" ("USER_NO") ON DELETE CASCADE ENABLE;
--------------------------------------------------------
--  Ref Constraints for Table RECRUITS
--------------------------------------------------------

  ALTER TABLE "NUKACOLA"."RECRUITS" ADD CONSTRAINT "FK_COMPANYS_TO_RECRUITS_1" FOREIGN KEY ("COMP_NO")
	  REFERENCES "NUKACOLA"."COMPANYS" ("COMP_NO") ON DELETE CASCADE ENABLE;
--------------------------------------------------------
--  Ref Constraints for Table RECRUIT_SKILLS
--------------------------------------------------------

  ALTER TABLE "NUKACOLA"."RECRUIT_SKILLS" ADD CONSTRAINT "FK_SKILLS_TO_RECRUIT_SKILLS_1" FOREIGN KEY ("SKILL_NO")
	  REFERENCES "NUKACOLA"."SKILLS" ("SKILL_NO") ON DELETE CASCADE ENABLE;
--------------------------------------------------------
--  Ref Constraints for Table TECH_STACKS
--------------------------------------------------------

  ALTER TABLE "NUKACOLA"."TECH_STACKS" ADD CONSTRAINT "FK_COMPANYS_TO_TECH_STACKS_1" FOREIGN KEY ("COMP_NO")
	  REFERENCES "NUKACOLA"."COMPANYS" ("COMP_NO") ON DELETE CASCADE ENABLE;
  ALTER TABLE "NUKACOLA"."TECH_STACKS" ADD CONSTRAINT "FK_SKILLS_TO_TECH_STACKS_1" FOREIGN KEY ("SKILL_NO")
	  REFERENCES "NUKACOLA"."SKILLS" ("SKILL_NO") ON DELETE CASCADE ENABLE;
--------------------------------------------------------
--  Ref Constraints for Table USER_FIELDS
--------------------------------------------------------

  ALTER TABLE "NUKACOLA"."USER_FIELDS" ADD CONSTRAINT "FK_SKILLS_TO_USER_FIELDS_1" FOREIGN KEY ("SKILL_NO")
	  REFERENCES "NUKACOLA"."SKILLS" ("SKILL_NO") ON DELETE CASCADE ENABLE;
  ALTER TABLE "NUKACOLA"."USER_FIELDS" ADD CONSTRAINT "FK_USERS_TO_USER_FIELDS_1" FOREIGN KEY ("USER_NO")
	  REFERENCES "NUKACOLA"."USERS" ("USER_NO") ON DELETE CASCADE ENABLE;
